Species,NCBI Taxon ID
Orthobunyavirus matruhense,3052419
Avian orthoreovirus,38170
Orthobunyavirus thimiriense,3052449
Orthonairovirus abuhammadense,2843617
Orthonairovirus abuminaense,2843618
Orthobunyavirus sedlecense,3052438
Khurdivirus volgaense,2956058
Orthobunyavirus balagoduense,3060464
Belem virus,2748241
Orthobunyavirus batamaense,3052372
Orthobunyavirus bobayaense,3060467
Paraavulavirus hongkongense,3052593
Parvoviridae sp.,1940570
Picornaviridae sp.,1530251
Grusopivirus A,2734536
Grusopivirus B,2734537
Gemycircularvirus sp.,1983771
Chicken associated smacovirus,1932006
Calicivirus chicken/V0021/Bayern/2004,889389
Grusopivirus C,2844787
Psittacine aviadenovirus C,2734577
Iltovirus gallidalpha1,3050286
Mardivirus gallidalpha3,3050288
Chaphamaparvovirus galliform1,3052106
Gruhelivirus A,2734535
Chaphamaparvovirus galliform3,3052108
Anativirus biphaco,2734519
Avian paramyxovirus 17,2094282
Chaphamaparvovirus galliform2,3052107
Pigeon parvovirus A,1399967
Pingu picornavirus,2575832
Gyrovirus myferr1,2844807
Psittacine siadenovirus E,2845977
Avian metaavulavirus 21,2613793
Psittacine siadenovirus D,2845976
Nyavirus sanjacintoense,2845026
Chaphamaparvovirus galliform4,3052109
Chaphamaparvovirus galliform5,3052110
Chaphamaparvovirus psittacine1,3052112
Porprismacovirus avias1,2845875
Gemykrogvirus galga5,2844632
Gemykrogvirus galga3,2844630
Gemykibivirus galga3,2844572
Gemykrogvirus galga1,2844628
Gemykibivirus galga1,2844570
Gemykrogvirus galga4,2844631
Gemykibivirus galga2,2844571
Porprismacovirus chicas2,2845885
Porprismacovirus chicas4,2845887
Porprismacovirus chicas6,2845889
Porprismacovirus chicas7,2845890
Porprismacovirus chicas3,2845886
Porprismacovirus chicas5,2845888
Genomoviridae sp.,2202565
Smacoviridae sp.,2715094
Paslahepevirus balayani,1678143
Nyavirus somateriae,2956231
Aviadenovirus leucophthalmi,2955388
Nauglamirvirus anduin,2956213
Sunrhavirus nasoule,2956485
Sunrhavirus ouango,2956483
Sunrhavirus alexandria,2956478
Sunrhavirus matariya,2956482
Cacatuid alphaherpesvirus 2,2604840
Pileated finch aveparvovirus,2137544
Iltovirus psittacidalpha5,3060048
Avian chapparvovirus,2604334
Dependoparvovirus avian1,1511894
Chaphamaparvovirus anseriform4,3059860
Chaphamaparvovirus anseriform1,3059857
Chaphamaparvovirus anseriform2,3059858
Chaphamaparvovirus anseriform3,3059859
Chaphamaparvovirus strigiform1,3059872
Chaphamaparvovirus anseriform5,3059861
Chaphamaparvovirus anseriform6,3059862
Rhabdoviridae sp.,1955137
Cyclovirus totoi,3059946
Cyclovirus pettirosso,3059936
Cyclovirus punarinta,3059940
Cyclovirus rudzik,3059942
Cyclovirus prihor,3059938
Cyclovirus cervienka,3059916
Cyclovirus liepsnele,3059924
WigFec circovirus 1,2873951
WigFec circovirus 2,2873952
Phapecoctavirus TSP7,2956303
Poecivirus A,2560644
Uukuvirus uriae,3052810
Sunrhavirus garba,2734404
Circovirus penguin,3048261
Quaranjavirus chadense,2956349
Avian coronavirus,694014
Canada goose coronavirus,2569586
Quailpox virus,400570
Great tit siadenovirus A,1146876
Nacovirus A,2560612
Orthobunyavirus ingwavumaense,3052400
Orthobunyavirus mermetense,3052421
Chicken stool associated circular virus 2,2109374
Chicken stool associated circular virus 1,2109373
Chicken picobirnavirus,1930304
Apteryx rowi circovirus-like virus,1634476
Serinus canaria papillomavirus 1,2094713
Aveparvovirus gruiform1,3051984
Cyclovirus naahoohai,3047745
Adeno-associated virus,272636
Ludopivirus A,2734539
Gyrovirus hydho1,2844806
Orthonairovirus tunisense,3052539
Metaavulavirus kazakhstanense,3051369
Blackbird arilivirus,2099352
Avian HDV-like agent,2364132
Bulbul coronavirus HKU11,574549
Orthobornavirus estrildidae,1548721
Tupavirus durham,1972581
Avisivirus A,1511772
Kunsagivirus A,1755590
Fowl aviadenovirus E,190065
Cyclovirus adie,3047744
Megrivirus B,2170005
Megrivirus E,2170008
Metaavulavirus japanense,3051366
Orthoavulavirus upoense,3051378
Orthoavulavirus borisense,3051379
Orthoavulavirus kopaiticense,3051380
Orthoavulavirus oneillense,3051381
Psittacine aviadenovirus B,2169709
Gammapolyomavirus egouldiae,2955939
Gammapolyomavirus lonmaja,2169904
Huchismacovirus chicas1,2844965
Huchismacovirus chicas2,2844966
Orthobunyavirus teteense,3052448
Orthobornavirus alphapsittaciforme,1548713
Orthobornavirus betapsittaciforme,1884878
Metaavulavirus hongkongense,3051372
Metaavulavirus delawarense,3051374
Orthoavulavirus javaense,3051375
Metaavulavirus yucaipaense,3051368
Megrivirus C,2170006
Flamingopox virus FGPVKD09,2059380
Falcon picornavirus,1964370
Garrulus glandarius associated circular virus 1,2006642
Tinamou hepatitis B virus,2018685
Metaavulavirus peixense,3051367
Cyclovirus kacsa,3047812
Megrivirus D,2170007
Hapavirus landjia,1972618
Goose astrovirus,1349999
Mardivirus columbidalpha1,3050267
Megrivirus A,2170004
Jingmen tombus-like virus 1,1923351
Jingmen tombus-like virus 2,1938656
Mardivirus spheniscidalpha1,3048326
Jingmen picorna-like virus,1923350
Bavaria virus,2560343
Gemykrogvirus galga2,2844629
Chicken stool-associated circular virus,1930302
Pigeon aviadenovirus B,2169708
Orthobornavirus serini,1548720
Orthobornavirus avisaquaticae,1548722
Orthoavulavirus japanense,3051377
Penguin siadenovirus A,2005055
Duck faeces associated circular DNA virus 1,1843768
Duck faeces associated circular DNA virus 2,1843769
Duck faeces associated circular DNA virus 3,1843770
Gemygorvirus malas1,2844550
Gemykibivirus sewopo1,2844603
Gemycircularvirus chicas2,2844428
Gemycircularvirus chicas1,2844427
Gallivirus Pf-CHK1/GV,1766557
Avisivirus Pf-CHK1/AsV,1766559
Sicinivirus A,1755588
Turkeypox virus,336486
Gemycircularvirus chickad1,2844429
Gyrovirus fulgla1,2844799
Astrovirus Er/SZAL6/HUN/2011,1671382
Circovirus zebrafinch,3048458
Harkavirus A,2003391
Orthoflavivirus cacipacoreense,3052463
Gammapolyomavirus padeliae,1891750
Psittacine atadenovirus A,2003673
Quaranjavirus wellfleetense,2956351
Gemytondvirus ostri1,2844644
Gemygorvirus stara1,2844555
Gemykibivirus blabi1,2844561
Gemykibivirus blaro1,2844562
Gemycircularvirus malas1,2844476
Gemycircularvirus geras1,2844445
Gemycircularvirus geras2,2844446
Gemycircularvirus geras3,2844447
Orivirus A,2170052
Orthoavulavirus newyorkense,3051383
Sunrhavirus sunguru,2734408
Metaavulavirus galliense,3051365
Metaavulavirus tennessense,3051373
Metaavulavirus falklandense,2560309
Metaavulavirus kunitachiense,3051371
Orthoavulavirus italiense,3051376
Paraavulavirus wisconsinense,3052594
Farmington virus,1027468
Circovirus swan,3048350
Chicken picornavirus 1,1534544
Avisivirus B,1985982
Avisivirus C,1985983
Chicken picornavirus 4,1534547
Gallivirus A,1511776
Duck aviadenovirus B,1534553
Umatilla virus,40060
Pigeon aviadenovirus A,1548417
Penguinpox virus,648998
Pigeonpox virus,10264
Treiszetapapillomavirus 1,1922208
Goose calicivirus,1493858
Aalivirus apekidu,2169685
Mosavirus A,1481452
Treisepsilonpapillomavirus 1,1921778
Cyanoramphus nest associated circular X DNA virus,1282443
Cyanoramphus nest associated circular K DNA virus,1282444
Porprismacovirus turas1,2845936
Melegrivirus A,1330070
Gammapolyomavirus cratorquatus,1891749
Turkey aviadenovirus C,1962301
Turkey aviadenovirus D,1962302
Rotavirus F,183405
Rotavirus G,183407
Fowl aviadenovirus B,190062
Gammapolyomavirus secanaria,1891752
Goose aviadenovirus A,1193420
White-eye coronavirus HKU16,1159907
Sparrow coronavirus HKU17,1159906
Magpie-robin coronavirus HKU18,1159903
Night heron coronavirus HKU19,1159904
Wigeon coronavirus HKU20,1159908
Common moorhen coronavirus HKU21,1159902
Parrot hepatitis B virus,1128118
Skua siadenovirus A,886980
Quail picornavirus QPV1/HUN/2010,1089138
Orthoflavivirus tembusu,3048360
Pigeon picornavirus B,928289
Raptor siadenovirus A,691961
Gyrovirus galga1,2844800
Fowl aviadenovirus C,190063
Avian leukosis virus,11864
Turkey aviadenovirus B,1146875
Rotavirus D,335100
Passerivirus A,1511803
Oscivirus A,1511781
Mardivirus anatidalpha1,3049524
Highlands J virus,11024
Duck astrovirus GII.A,905828
Thrush coronavirus HKU12-600,572290
Munia coronavirus HKU13,1297661
Circovirus gull,3047861
Circovirus finch,3047835
Circovirus raven,3048293
Circovirus starling,3048341
Gammapolyomavirus corvi,1891748
Gammapolyomavirus pypyrrhula,1891751
Alphainfluenzavirus influenzae,2955291
Circovirus duck,3047813
Reticuloendotheliosis virus,11636
Dependoparvovirus anseriform1,1511895
Avian endogenous retrovirus EAV-HP,93465
Duck hepatitis B virus,12639
Iltovirus psittacidalpha1,3050344
Thetapapillomavirus 1,197772
Circovirus goose,3047842
Circovirus canary,3047720
Mardivirus meleagridalpha1,3050320
Circovirus pigeon,3050342
Mardivirus gallidalpha2,3050287
Turkey astrovirus,70793
Avibirnavirus gumboroense,3048151
Orthoflavivirus wesselsbronense,3048447
Gyrovirus chickenanemia,3047743
Orthoflavivirus japonicum,3048158
Goose astrovirus 2,2810457
Orthoflavivirus nilense,3048448
Fowl aviadenovirus D,190064
Chicken genomovirus,1985367 
Microbacterium phage P8_2022_SA,Not found
Pigeon gyrovirus,2766787
Gyrovirus homsa3,2844804
Fowl aviadenovirus A,190061
Burhinus oedicnemus herpesvirus,548681
Pigeon adenovirus,10535
Metapneumovirus avis,3047384
Java sparrow circovirus,39725
Red-fronted serin circovirus,39725
Hawfinch circovirus,39725
Gouldian finch circovirus,1221219
Crow circovirus,39725
Magpie circovirus,39725
European goldfinch circovirus,39725
Purple grenadier circovirus,39725
Bengalese munia circovirus,39725
White-rumped seedeater circovirus,39725
Common grenadier circovirus,39725
Common bullfinch circovirus,39725
Eurasian blackcap circovirus,39725
Common crossbill circovirus,39725
Yellow-fronted canary circovirus,142661
Common blackbird circovirus,39725
Common starling circovirus,349370
Eurasian jay circovirus,39725
Western jackdaw circovirus,39725
Mynah circovirus,39725
Lavender waxbill polyomavirus,36362
Fowlpox virus,10261
Duck atadenovirus A,130328
Atadenovirus sp.,2671518
Aviadenovirus sp.,2217649
Psittacine adenovirus 2,1301246
Siadenovirus sp.,2671519
Duck astrovirus 3,1897654
Duck hepatitis virus 3,352474
Sindbis virus,11034
Gammapolyomavirus avis,1891747
Avihepatovirus A,691956
Circovirus parrot,3047561
Orthoflavivirus bagazaense,3047385
Deltacoronavirus sp.,1911231
Aveparvovirus galliform1,3051983
Aviadenovirus hydropericardii,3250174
Buldecovirus sp.,2832629
Fowl adenovirus,1354736
Rotavirus A,28875
Avian avastrovirus 4,3242737
Turkey siadenovirus A,298333
Avipoxvirus sp.,1928336
Avian astrovirus,1914440
Tremovirus A,70796
Avian nephritis virus,1354735
Orthoflavivirus usutuense,3048443
Anatid alphaherpesvirus 2,3080522
Anatid alphaherpesvirus 3,3233541
Chicken proventricular necrosis virus,908207
Avihepevirus magniiecur,1678144
Ostrich parvovirus,2699166
Porcine epidemic diarrhea virus,28295
Duck sapelovirus,3163392
Megrivirus sp.,2809560
Crucivirus sp.,2569971
Tick-associated DNA virus,3138950
CRESS DNA virus,3138951
Psittaciform aveparvovirus,3042447
Tick-associated circular DNA virus,2963861
Sewage-associated circular DNA virus,3138952
Psittacine siadenovirus F,2874383
Circovirus sp.,1964372
Cressdnaviricota sp.,2748378
Chimeric virus 14,1608440
Paramecium bursaria Chlorella virus,3138953
Condorpox virus,3049970
Apapanepox virus,3049969
bar-headed goose anativirus,3155980
bar-headed goose hepatovirus,3155981
bar-headed goose megrivirus,3155982
Larus ridibundus coronavirus,3153733
Anser fabalis coronavirus,3153734
Duck-dominant coronavirus,1649337
Goose astrovirus 1,2910303
Torque teno virus,68887
Marcaroli circovirus,3138814
Spata circovirus,3138815
Parvovirus phylloscopus5247,3117183
Parvovirus luscinia6815,3117122
Parvovirus phoenicurus4436,3117181
Parvovirus phoenicurus12233s2,3117180
Parvovirus zapornia4554,3117225
Parvovirus laniidae3881,3117115
Parvovirus lanius6615,3117116
Herpesvirus eupittula14478,3116695
Parvovirus chrysococcyx3867a,3117070
Parvovirus turdus6774,3117217
Adenovirus acanthiza15342,3115873
Parvovirus turdus4154,3117216
Parvovirus phylloscopus5401s2,3117185
Polyomavirus odontophorus5057,3117261
Parvovirus grus5099,3117098
Polyomavirus phylloscopus4853,3117270
Parvovirus anas3568,3117034
Parvovirus sylvia4828,3117208
Parvovirus leiothrix4587,3117119
Parvovirus numida6704,3117160
Parvovirus emberiza5140,3117078
Polyomavirus erythrura5304,3117230
Parvovirus luscinia5410,3117121
Papillomavirus numida8051,3116987
Polyomavirus taeniopygia5555,3117282
Parvovirus zonotrichia4755,3117226
Parvovirus anser6262,3117037
Parvovirus larvivora5808,3117117
Parvovirus grus5877,3117099
Parvovirus chalcites3867,3117064
Parvovirus phoenicopterus3947,3117178
Parvovirus grus5942,3117100
Anellovirus meleagris2358,3115994
Parvovirus phoenicurus12233s1,3117179
Parvovirus emberiza6660,3117080
Parvovirus anser6071,3117036
Parvovirus anser7825,3117039
Polyomavirus prunella5215,3117274
Parvovirus phylloscopus4927,3117182
Anellovirus gallus2670,3115989
Meldvirus gallus11737,3116726
Papillomavirus luscinia7441,3116978
Parvovirus anser7324,3117038
Polyomavirus saxicola5252a,3117279
Polyomavirus sericulus5319,3117280
Cressvirus meleagris1922,3116679
Parvovirus emberiza7086,3117081
Cressvirus meleagris952,3116680
Adintovirus pavo15764,3115938
Parvovirus phylloscopus5401s1,3117184
Parvovirus leiothrix3317,3117118
Parvovirus streptopelia4404,3117207
Polyomavirus erythrura5362,3117231
Parvovirus emberiza5276,3117079
Parvovirus steptopelia5095,3117206
Polyomavirus pteridophora5384,3117276
Polyomavirus zonotrichia5422,3117287
Polyomavirus phylloscopus4708,3117269
Parvovirus steptopelia4906,3117205
Anellovirus meleagris2399,3115995
Parvovirus phasianus6595,3117175
Psittacine adenovirus 12,3134257
Avian polyomavirus,1702318
Canarypox virus,44088
Spheniscid alphaherpesvirus 2,3134033
Calonectris borealis alphaherpesvirus,3129245
Ardenna gravis alphaherpesvirus,3129244
Gyrovirus 2316_26,3127497
Gyrovirus 2316_32,3127498
Gyrovirus 2885_18H,3127499
Gyrovirus 2885_18K,3127500
Gyrovirus 2885_18L,3127501
Gyrovirus 2126_10,3127502
Lymphoproliferative disease virus,11961
Feral pigeon astrovirus,928291
Pigeon astrovirus,3079711
Duck aviadenovirus,2875327
Comazfec virus 1,3112648
Comazfec virus 2,3112649
Comazfec virus 3,3112650
Comazfec virus 4,3112651
Comazfec virus 5,3112652
Comazfec virus 6,3112653
Comazfec virus 7,3112654
Comazfec virus 8,3112655
Comazfec virus 9,3112656
Comazfec virus 10,3112657
Comazfec virus 11,3112658
Comazfec virus 12,3112659
Comazfec virus 13,3112660
Comazfec virus 14,3112661
Comazfec virus 15,3112662
Comazfec virus 16,3112663
Comazfec virus 17,3112664
Malazfec virus 1,3112667
Malazfec virus 9,3112675
Malazfec virus 10,3112676
Malazfec virus 11,3112677
Malazfec virus 12,3112678
Malazfec virus 13,3112679
Malazfec virus 14,3112680
Malazfec virus 15,3112681
Malazfec virus 16,3112682
Malazfec virus 17,3112683
Malazfec virus 18,3112684
Malazfec virus 19,3112685
Malazfec virus 20,3112686
Malazfec virus 21,3112687
Malazfec virus 22,3112688
Malazfec virus 23,3112689
Malazfec virus 24,3112690
Malazfec virus 25,3112691
Short beak and dwarfism syndrome virus,3118410
Swan goose coronavirus,3064243
,Not found
Avastrovirus 3,1239439
Gammacoronavirus sp.,2163008
Anser circovirus,3113012
Anas platyrhynchos papillomavirus 3,3112618
Hepacivirus sp.,2202624
Duck astrovirus CPH,1517684
unidentified influenza virus,11309
Mute swan associated circo-like virus,3104762
Chaphamaparvovirus anseriform 7,3104763
Chaphamaparvovirus anseriform 8,3104764
Chaphamaparvovirus anseriform 9,3104765
Sturnus papillomavirus,3106067
Thinornis picornavirus,3106068
Grus nigricollis-associatied genomovirus,3077354
Protoparvovirus sp.,1987106
Grusopivirus sp.,2809444
Yellow-eyed penguin megrivirus,3085107
Yellow-eyed penguin picornavirus,3085108
Gammapolyomavirus anseris,1891746
Psittaciform chaphamaparvovirus 4,3090915
Psittaciform chaphamaparvovirus 5,3090916
Psittaciform chaphamaparvovirus 6,3090917
Canary dependoparvovirus 1,3085222
Canary chaphamaparvovirus 1,3085220
Canary chaphamaparvovirus 2,3085221
Canary dependoparvovirus 2,3085223
Gyrovirus homsa1,2844802
Tawny frogmouth aviadenovirus A,3042372
Chicken astrovirus,336959
Columba livia papillomavirus 1,3080879
Tetrao urogallus alphaherpesvirus 1,3077833
Strix nebulosa herpesvirus,3074439
kestrel polyomavirus 1,3074466
Zoothera dauma adenovirus,3073259
Gallivirus sp.,2809412
Bird calicivirus,3069714
Duck picornavirus,2874388
Waterbird gammacoronavirus 1,2992309
Goose parvovirus SDDY21,3062345
Goose parvovirus SDJN21,3062346
Goose parvovirus SDWF22,3062347
Rockhopper penguin papillomavirus,2962496
Quang Binh virus,643132
Orthobunyavirus manzanillaense,3052416
Oriental turtle dovepox virus,3051319
Coronavirus PREDICT_CoV-100,2717633
Buteo buteo herpesvirus,2928393
Psittacidae dependoparvovirus,2794570
Psittacid alphaherpesvirus 6,3042376
Psittaciform parvoviridae sp.,3042448
Psittacine picornavirus,3042449
Chaphamaparvovirus sp.,2809295
Gyrovirus homsa2,2844803
Eastern equine encephalitis virus,11021
Fregata magnificens alphaherpesvirus 1,3040023
Riboviria sp.,2585031
black-headed gull deltacoronavirus,3031139
common gull deltacoronavirus,3031140
common gull gammacoronavirus,3031141
Anatid alphaherpesvirus 1,104388
Bird parvovirus,3029445
ssDNA virus sp.,2593122
Cooks petrelpox virus,3019552
Orthobunyavirus bunyamweraense,3052381
Yellow-eyed penguin gyrovirus,3021812
Zebra finch hepacivirus 1,3004181
Zebra finch hepacivirus 2,3004182
Toutouwai hepatovirus,2996228
Avian associated calicivirus 5,2996223
Avian associated hepe-like virus 10,2996224
Avian associated picorna-like virus 15,2996209
Avian associated picorna-like virus 14,2996208
Avian associated picorna-like virus 20,2996214
Avian associated picorna-like virus 21,2996215
Avian associated picorna-like virus 19,2996213
Avian associated hepe-like virus 8,2996226
Avian associated picorna-like virus 25,2996219
Avian associated picorna-like virus 22,2996216
Avian associated picorna-like virus 17,2996211
Avian associated picorna-like virus 16,2996210
Avian associated picorna-like virus 13,2996207
Avian associated picorna-like virus 24,2996218
Avian associated picorna-like virus 18,2996212
Avian associated hepe-like virus 9,2996227
Avian associated picorna-like virus 23,2996217
Avian associated hepe-like virus 7,2996225
Avian associated picorna-like virus 27,2996221
Avian associated picorna-like virus 26,2996220
Rous sarcoma virus,11886
Sunrhavirus bimbo,2956479
Sunrhavirus kolongo,2956481
Avian megrivirus,2986276
Duck adeno-associated virus,2875326
Magpiepox virus 2,2874139
Psittaciform chaphamaparvovirus 3,2928890
Avastrovirus sp.,2809168
Duck circovirus 3,2994410
Nyavirus nyamaniniense,644610
trumpeter swan calicivirus,2992313
duck egg-reducing syndrome virus,2987487
Crowpox virus,2942216
Avipoxvirus isolate Galapagos Islands,1294098
Wigfec virus K19_482,2986032
Wigfec virus K19_469,2986033
Wigfec virus K19_435,2986034
Wigfec virus K19_467,2986035
Wigfec virus K19_227,2985990
Wigfec virus K19_426,2985991
Wigfec virus K19_432,2985992
Wigfec virus K19_450,2985993
Wigfec virus K19_484,2985994
Wigfec virus K19_486,2985995
Wigfec virus K19_494,2985996
Wigfec virus K19_511,2985997
Wigfec virus K19_521,2985998
Wigfec virus K19_545,2985999
Wigfec virus K19_562,2986000
Wigfec virus K19_588,2986001
Wigfec virus K19_598,2986002
Wigfec virus K19_605,2986003
Wigfec virus K19_623,2986004
Wigfec virus K19_658,2986005
Wigfec virus K19_292,2986006
Wigfec virus K19_346,2986007
Wigfec virus K19_385,2986008
Wigfec virus K19_525,2986009
Wigfec virus K19_555,2986010
Wigfec virus K19_558,2986011
Wigfec virus K19_561,2986012
Wigfec virus K19_571,2986013
Wigfec virus K19_593,2986014
Wigfec virus K19_600,2986015
Wigfec virus K19_645,2986016
Wigfec virus K19_654,2986017
Wigfec virus K19_668,2986018
Wigfec virus K19_691,2986019
Wigfec virus K19_221,2986020
Wigfec virus K19_259,2986021
Wigfec virus K19_327,2986022
Wigfec virus K19_443,2986023
Wigfec virus K19_493,2986024
Wigfec virus K19_526,2986025
Wigfec virus K19_576,2986026
Wigfec virus K19_615,2986027
Wigfec virus K19_448,2986028
Wigfec virus K19_454,2986029
Wigfec virus K19_513,2986030
Zingilamo virus,2983543
Bandavirus dabieense,2748958
Meleagrid alphaherpesvirus 2,2982300
Temminck's stint calicivirus,2976936
Crow astrovirus,2976362
psittacine adenovirus 8,2875246
psittacine adenovirus 9,2875244
psittacine adenovirus 10,2875245
Wood pigeon astrovirus,928292
Avastrovirus 2,1239438
Astroviridae sp.,2585114
Raptor adenovirus,2963835
Oriolus adenovirus,2862777
Anas platyrhynchos papillomavirus 2,2855326
Fowl aviadenovirus sp.,1972696
Avian associated bastrovirus 2,2936950
Blackbird siadenovirus,2936980
Avian astrovirus 2,2936979
Avian associated bastrovirus 1,2936949
Avian associated hepe-like virus 1,2936955
Avian associated hepe-like virus 2,2936956
Avian associated hepe-like virus 3,2936957
Avian associated hepe-like virus 4,2936958
Avian associated hepe-like virus 5,2936959
Avian associated hepe-like virus 6,2936960
Turdid alphaherpesvirus 1,2936981
Avian associated calicivirus 1,2936951
Avian associated calicivirus 2,2936952
Avian associated calicivirus 3,2936953
Avian associated calicivirus 4,2936954
Avian associated picorna-like virus 1,2936962
Avian associated picorna-like virus 2,2936965
Avian associated picorna-like virus 3,2936966
Avian associated picorna-like virus 4,2936967
Avian associated picorna-like virus 5,2936968
Avian associated picorna-like virus 6,2936969
Avian associated picorna-like virus 7,2936970
Avian associated picorna-like virus 8,2936971
Avian associated picorna-like virus 9,2936972
Avian associated picorna-like virus 10,2936963
Avian associated picorna-like virus 11,2936964
Avian associated orbivirus 1,2936961
Avian associated reo-like virus 1,2936973
Avian associated reo-like virus 2,2936974
Avian associated reo-like virus 3,2936975
Avian associated reo-like virus 4,2936976
Avian associated reo-like virus 5,2936977
Avian associated reo-like virus 6,2936978
Galliform chaphamaparvovirus 6,2928886
Galliform chaphamaparvovirus 7,2928887
Galliform chaphamaparvovirus 8,2928888
Galliform chaphamaparvovirus 9,2928889
Galliform chaphamaparvovirus 10,2928878
Galliform chaphamaparvovirus 11,2928879
Galliform chaphamaparvovirus 12,2928880
Galliform chaphamaparvovirus 13,2928881
Galliform chaphamaparvovirus 14,2928882
Galliform chaphamaparvovirus 15,2928883
Galliform chaphamaparvovirus 16,2928884
Galliform chaphamaparvovirus 17,2928885
Hepacivirus Q,2952659
Avipoxvirus isolate Arizona,1294092
tawny owl-associated circovirus,2945983
Pigeon-dominant Coronavirus,1649336
Avon-Heathcote Estuary associated circular virus 25,1618249
Mute swan feces associated avastrovius 1,2832253
Mute swan feces associated avastrovius 2,2832254
Mute swan feces associated aveparvovirus,2832255
Mute swan feces associated avihepatovirus,2832257
Mute swan feces associated calicivirus,2832256
Mute swan feces associated chapparvovirus 1,2832239
Mute swan feces associated chapparvovirus 2,2832240
Mute swan feces associated chapparvovirus 3,2832241
Mute swan feces associated chapparvovirus 4,2832242
Mute swan feces associated chapparvovirus 5,2832243
Mute swan feces associated chapparvovirus 6,2832244
Mute swan feces associated circular virus 1,2832259
Mute swan feces associated circular virus 2,2832268
Mute swan feces associated circular virus 3,2832269
Mute swan feces associated circular virus 4,2832270
Mute swan feces associated circular virus 5,2832271
Mute swan feces associated circular virus 6,2832272
Mute swan feces associated circular virus 7,2832273
Mute swan feces associated circular virus 8,2832274
Mute swan feces associated circular virus 9,2832275
Mute swan feces associated circular virus 10,2832260
Mute swan feces associated circular virus 11,2832261
Mute swan feces associated circular virus 12,2832262
Mute swan feces associated circular virus 13,2832263
Mute swan feces associated circular virus 14,2832264
Mute swan feces associated circular virus 15,2832265
Mute swan feces associated circular virus 16,2832266
Mute swan feces associated circular virus 17,2832267
Mute swan feces associated gammacoronavirus,2832252
Mute swan feces associated gemycircularvirus 1,2832251
Mute swan feces associated hepatovirus 1,2832211
Mute swan feces associated hepatovirus 2,2832212
Mute swan feces associated hepatovirus 3,2832213
Mute swan feces associated hepatovirus 4,2832214
Mute swan feces associated noda-like virus 1,2832173
Mute swan feces associated noda-like virus 2,2832174
Mute swan feces associated noda-like virus 3,2832175
Mute swan feces associated noda-like virus 4,2832176
Mute swan feces associated noda-like virus 5,2832177
Mute swan feces associated noda-like virus 6,2832178
Mute swan feces associated noda-like virus 7,2832179
Mute swan feces associated noda-like virus 8,2832180
Mute swan feces associated noda-like virus 9,2832181
Mute swan feces associated partitiviridae A,2832153
Mute swan feces associated partitiviridae B,2832154
Mute swan feces associated partitiviridae C,2832155
Mute swan feces associated partitiviridae D,2832156
Mute swan feces associated partitiviridae E,2832157
Mute swan feces associated partitiviridae F,2832158
Mute swan feces associated partitiviridae G,2832159
Mute swan feces associated partitiviridae H,2832160
Mute swan feces associated partitiviridae I,2832161
Mute swan feces associated partitiviridae J,2832162
Mute swan feces associated partitiviridae K,2832163
Mute swan feces associated partitiviridae L,2832164
Mute swan feces associated partitiviridae M,2832165
Mute swan feces associated partitiviridae N,2832166
Mute swan feces associated partitiviridae O,2832167
Mute swan feces associated partitiviridae 1,2832152
Mute swan feces associated picobirnavirus A,2832171
Mute swan feces associated picobirnavirus B,2832172
Mute swan feces associated picobirnavirus 1,2832168
Mute swan feces associated picobirnavirus 2,2832169
Mute swan feces associated picobirnavirus 3,2832170
Mute swan feces associated picorna-like virus 1,2832182
Mute swan feces associated picorna-like virus 2,2832193
Mute swan feces associated picorna-like virus 3,2832204
Mute swan feces associated picorna-like virus 4,2832205
Mute swan feces associated picorna-like virus 5,2832206
Mute swan feces associated picorna-like virus 6,2832207
Mute swan feces associated picorna-like virus 7,2832208
Mute swan feces associated picorna-like virus 8,2832209
Mute swan feces associated picorna-like virus 9,2832210
Mute swan feces associated picorna-like virus 10,2832183
Mute swan feces associated picorna-like virus 11,2832184
Mute swan feces associated picorna-like virus 12,2832185
Mute swan feces associated picorna-like virus 13,2832186
Mute swan feces associated picorna-like virus 14,2832187
Mute swan feces associated picorna-like virus 15,2832188
Mute swan feces associated picorna-like virus 16,2832189
Mute swan feces associated picorna-like virus 17,2832190
Mute swan feces associated picorna-like virus 18,2832191
Mute swan feces associated picorna-like virus 19,2832192
Mute swan feces associated picorna-like virus 20,2832194
Mute swan feces associated picorna-like virus 21,2832195
Mute swan feces associated picorna-like virus 22,2832196
Mute swan feces associated picorna-like virus 23,2832197
Mute swan feces associated picorna-like virus 24,2832198
Mute swan feces associated picorna-like virus 25,2832199
Mute swan feces associated picorna-like virus 26,2832200
Mute swan feces associated picorna-like virus 27,2832201
Mute swan feces associated picorna-like virus 28,2832202
Mute swan feces associated picorna-like virus 29,2832203
Mute swan feces associated sapelovirus 1,2832245
Mute swan feces associated sapelovirus 2,2832246
Mute swan feces associated sapelovirus 3,2832247
Mute swan feces associated toti-like virus 1,2832222
Mute swan feces associated toti-like virus 2,2832223
Mute swan feces associated toti-like virus 3,2832224
Phasianus chaphamaparvovirus,2944714
Orthoavulavirus sp.,2809629
Metaavulavirus sp.,2809562
Picornavirales sp.,1955153
Gyrovirus 3,2583049
Finchpox virus,2940294
Finch poxvirus,2928837
Albatrosspox virus,2811222
Duck adenovirus 4,2726020
Dependoparvovirus sp.,2052559
Orthoreovirus sp.,2558258
Rotavirus sp.,10970
Anativirus sp.,2809150
Aveparvovirus sp.,2715213
Caliciviridae sp.,1916234
Huchismacovirus sp.,2809473
Sicinivirus sp.,1930506
Orthoavulavirus koreaense,3051382
Metaavulavirus taiwanense,3051370
Strix uralensis herpesvirus,2489503
Aquila chrysaetos herpesvirus,2928392
Falco tinnunculus herpesvirus,2928397
Asio otus herpesvirus,2489501
Strix aluco herpesvirus,2928400
Larus argentatus herpesvirus,2928398
Corvus cornix herpesvirus,2928395
Corvus monedula herpesvirus,2928396
Chloris chloris herpesvirus,2928394
Passer domesticus herpesvirus,2928399
Turdus merula herpesvirus,2717891
Columba palumbus herpesvirus,2928402
Pheasant-associated gyrovirus,2926920
Little bittern circovirus,2922909
European bee-eater circovirus,2922908
Avian picobirnavirus,2919602
Psittacine chaphamaparvovirus 2,2917163
Falcon aviadenovirus A,692069
Morbillivirus canis,3052342
Ciconiid herpesvirus 1,2605648
Tern atadenovirus 1,2913659
Owl adenovirus,2853431
Ghabrivirales sp.,2809433
Partitiviridae sp.,1955170
Durnavirales sp.,2809355
Hedwig virus,2884278
Poicephalus senegalus papillomavirus,2876998
cormorant polyomavirus 1,2896467
robinz virus RP_259,2886397
robinz virus RP_493,2886398
robinz virus RP_526,2886399
robinz virus RP_584,2886400
robinz virus RP_620,2886401
robinz virus RP_736,2886402
robinz virus RP_954,2886403
robinz virus RP_1123,2886404
robinz virus RP_1124,2886405
robinz virus RP_1170,2886406
robinz virus RP_99,2886407
robinz virus RP_369,2886408
robinz virus RP_380,2886409
robinz virus RP_384,2886410
robinz virus RP_385,2886411
robinz virus RP_393,2886412
robinz virus RP_116,2886413
robinz virus RP_199,2886414
robinz virus RP_326,2886415
robinz virus RP_377,2886416
robinz virus RP_390,2886417
robinz virus RP_212,2886418
robinz virus RP_258,2886419
robinz virus RP_382,2886420
robinz virus RP_389,2886421
robinz virus RP_244,2886422
robinz virus RP_327,2886423
robinz virus RP_334,2886424
robinz virus RP_340,2886425
robinz virus RP_386,2886430
robinz virus RP_404,2886426
robinz virus RP_428,2886427
robinz virus RP_429,2886428
robinz virus RP_513,2886429
Orthoflavivirus saumarezense,3048314
Pin virus,2880959
Myna hepatovirus,2880957
Myna chaphamaparvovirus,2880956
Myna calicivirus,2880955
Myna siadenovirus,2880958
Myna aviadenovirus,2880954
Chicken proventriculitis-associated circular virus 7,2875666
Chicken proventriculitis-associated circular virus 8,2875667
Chicken proventriculitis-associated circular virus 9,2875668
Chicken proventriculitis-associated circular virus 10,2875663
Chicken proventriculitis-associated circular virus 11,2875664
Chicken proventriculitis-associated circular virus 12,2875665
egret CRESS-DNA virus,2878719
crane CRESS-DNA virus,2878718
finch CRESS-DNA virus,2878720
Passer montanus pegivirus,2824657
Leucosticte brandti pegivirus,2824655
Montifringilla taczanowskii pegivirus,2824656
Picobirnavirus sp.,1907787
Chicken proventriculitis-associated circular virus 1,2875658
Chicken proventriculitis-associated circular virus 2,2875659
Chicken proventriculitis-associated circular virus 3,2875660
Chicken proventriculitis-associated circular virus 4,2875661
Chicken proventriculitis-associated circular virus 5,2875662
Chicken proventriculitis-associated circular virus 14,2875669
Chicken proventriculitis-associated circular virus 15,2875670
Chicken proventriculitis-associated circular virus 16,2875671
Chicken proventriculitis-associated circular virus 18,2875673
Chicken proventriculitis-associated circular virus 20,2875675
Chicken proventriculitis-associated circular virus 22,2875677
Chicken proventriculitis-associated circular virus 23,2875678
Chicken proventriculitis-associated circular virus 24,2875679
Chicken proventriculitis-associated circular virus 27,2875681
Chicken proventriculitis-associated circular virus 17,2875672
Chicken proventriculitis-associated circular virus 19,2875674
Chicken proventriculitis-associated circular virus 21,2875676
Chicken proventriculitis-associated circular virus 26,2875680
Chicken proventriculitis-associated circular virus 28,2875682
Chicken proventriculitis-associated circular virus 29,2875683
Chicken proventriculitis-associated circular virus 30,2875684
Nodaviridae sp.,1955166
Chuviridae sp.,2809007
Totiviridae sp.,1955172
Reoviridae sp.,2585267
Luteoviridae sp.,1955165
Sapelovirus sp.,2809836
Tymoviridae sp. XZN137671,2836004
Tibet bird virus 2,2836149
Tibet bird virus 1,2836148
Guinea fowl picornavirus,2817032
Tern adenovirus,2820437
Coronavirus HKU15,1965089
Red-billed gull papillomavirus,2862952
Picobirnaviridae sp. gcode 3,2857096
Anser fabalis coronavirus NCN2,2860474
Avisivirus sp.,2809172
Bavovirus sp.,2809180
Shorebird deltacoronavirus,2776968
Cataraqui virus,2776967
Waterwitch virus,2776963
Whistler virus,2776964
Maypo virus,2776959
Neva virus,2776960
Netherby virus,2776965
Blencathra virus,2776961
Carnarvon virus,2776962
Duck coronavirus 2714,2734510
Loch Leven virus,2776924
British Admiral virus,2776966
Bruthen virus,2776920
Caudoviricetes sp.,2832643
Avulavirus sp.,2493083
Avian bornavirus,675389
Turdus naumanni parvoviridae sp.,2794525
Psittacidae parvoviridae sp.,2794536
Phylloscopus schwarzi parvoviridae sp.,2794533
Cecropis daurica parvoviridae sp.,2794470
Emberiza pusilla parvoviridae sp.,2794477
Ciconia boyciana parvoviridae sp.,2794472
Cyanopica cyanus parvoviridae sp.,2794473
Dendrocopos leucotos parvoviridae sp.,2794475
Emberiza chrysophrys parvoviridae sp.,2794476
Ficedula mugimaki parvoviridae sp.,2794480
Lophura nycthemera parvoviridae sp.,2794483
Luscinia cyane parvoviridae sp.,2794513
Luscinia sibilans parvoviridae sp.,2794516
Phoenicurus auroreus parvoviridae sp.,2794531
Phylloscopus fuscatus parvoviridae sp.,2794534
Phylloscopus inornatus parvoviridae sp.,2794539
Tarsiger cyanurus parvoviridae sp.,2794540
Emberiza spodocephala parvoviridae sp.,2794481
Lanius cristatus parvoviridae sp.,2794482
Emberiza tristrami Genomoviridae sp.,2814951
Fringilla montifringilla Genomoviridae sp.,2814960
Goose pegivirus 1,2830620
Goose pegivirus 2,2830621
Enquatrovirus sp.,2821802
Phoenicopteridae parvo-like hybrid virus,2794528
Pavo cristatus parvo-like hybrid virus,2794523
Grus japonensis parvoviridae sp.,2794512
Phylloscopus proregulus Ichthamaparvovirus,2794550
Phylloscopus fuscatus Ichthamaparvovirus,2794549
Emberiza pusilla parvo-like hybrid virus,2794510
Periparus ater parvoviridae sp.,2794527
Motacilla cinerea parvoviridae sp.,2794518
Periparus ater Ichthamaparvovirus,2794548
Grus japonensis parvo-like hybrid virus,2794511
Turdus pallidus parvoviridae sp.,2794526
Phoenicopteridae parvoviridae sp.,2794529
Turdus naumanni Ichthamaparvovirus,2794551
Emberiza rustica CRESS-DNA-virus sp.,2815032
Emberiza spodocephala CRESS-DNA-virus sp.,2815033
Fringilla montifringilla CRESS-DNA-virus sp.,2815044
Syrmaticus ellioti CRESS-DNA-virus sp.,2815058
Aegithalos caudatus CRESS-DNA-virus sp.,2815021
Emberiza elegans CRESS-DNA-virus sp.,2815031
Ficedula parva CRESS-DNA-virus sp.,2815036
Carpodacus sibiricus Genomoviridae sp.,2814940
Cecropis daurica Genomoviridae sp.,2814941
Tarsiger cyanurus Genomoviridae sp.,2814994
Phoenicopterus roseus parvo-like hybrid virus,2794530
Pavo cristatus parvoviridae sp.,2794524
Ficedula parva parvoviridae sp.,2794506
Emberiza rustica parvoviridae sp.,2794478
Aegithalos caudatus parvoviridae sp.,2794464
Ara ararauna Chaphamaparvovirus,2794484
Chrysolophuspictus parvoviridae sp.,2794471
Cygnus atratus Chaphamaparvovirus,2794485
Nandayus nenday parvoviridae sp.,2794519
Phylloscopus parvoviridae sp.,2794563
Psittacidae parvo-like hybrid virus,2794535
Psittacidae aveparvovirus,2794556
Fringilla montifringilla parvoviridae sp.,2794507
Cygnus columbianus parvoviridae sp.,2794474
Emberiza pusilla Chaphamaparvovirus,2794488
Dendrocopos leucotos Chaphamaparvovirus,2794487
Passer montanus parvoviridae sp.,2794522
Nandayus nenday Chaphamaparvovirus,2794493
Luscinia cyane Ichthamaparvovirus,2794553
Luscinia cyane Chaphamaparvovirus,2794491
Grus japonensis Chaphamaparvovirus,2794490
Fringilla montifringilla Chaphamaparvovirus,2794489
Cygnus columbianus parvo-like hybrid virus,2794509
Ara ararauna aveparvovirus,2794555
Turdus pallidus Chaphamaparvovirus,2794492
Turdus hortulorum parvoviridae sp.,2794538
Parus major parvoviridae sp.,2794521
Motacilla cinerea parvo-like hybrid virus,2794517
Lophura nycthemera aveparvovirus,2794554
Psittacidae Chaphamaparvovirus,2794494
Phylloscopus proregulus parvoviridae sp.,2794532
Syrmaticus ellioti parvo-like hybrid virus,2794537
Otus scops parvoviridae sp.,2794520
Garrulus glandarius parvoviridae sp.,2794508
Ara severa parvoviridae sp.,2794467
Accipiter gentilis parvoviridae sp.,2794463
Ara ararauna parvoviridae sp.,2794466
Carpodacus sibiricus parvoviridae sp.,2794469
Cygnus atratus parvoviridae sp.,2794505
Luscinia sibilans parvo-like hybrid virus,2794515
Accipiter gentilis parvo-like hybrid virus,2794564
Anser anser dependoparvovirus,2794569
Arundinax aedon parvoviridae sp.,2794465
Bonasa bonasia parvoviridae sp.,2794468
Ciconia boyciana parvo-like hybrid virus,2794504
Phylloscopus proregulus Brevihamaparvovirus,2794566
Cygnus columbianus Chaphamaparvovirus,2794486
Emberiza tristrami parvoviridae sp.,2794479
Ciconia boyciana Circoviridae sp.,2814997
Fringilla montifringilla Circoviridae sp.,2815000
Periparus ater Circoviridae sp.,2815004
Motacilla cinerea Circoviridae sp.,2815002
Anser anser CRESS-DNA-virus sp.,2815022
Ciconia boyciana CRESS-DNA-virus sp.,2815024
Cygnus atratus CRESS-DNA-virus sp.,2815026
Cygnus columbianus CRESS-DNA-virus sp.,2815027
Emberiza chrysophrys CRESS-DNA-virus sp.,2815029
Ficedula mugimaki CRESS-DNA-virus sp.,2815035
Grus japonensis CRESS-DNA-virus sp.,2815045
Luscinia calliope CRESS-DNA-virus sp.,2815039
Motacilla cinerea CRESS-DNA-virus sp.,2815043
Nandayus nenday CRESS-DNA-virus sp.,2815047
Pavo cristatus CRESS-DNA-virus sp.,2815049
Periparus ater CRESS-DNA-virus sp.,2815050
Phoenicopteridae CRESS-DNA-virus sp.,2815051
Phoenicurus auroreus CRESS-DNA-virus sp.,2815053
Phylloscopus tenellipes CRESS-DNA-virus sp.,2815055
Psittacidae CRESS-DNA-virus sp.,2815057
Syrmaticus reevesii CRESS-DNA-virus sp.,2815059
Tarsiger cyanurus CRESS-DNA-virus sp.,2815060
Tragopan caboti CRESS-DNA-virus sp.,2815061
Turdus hortulorum CRESS-DNA-virus sp.,2815062
Acanthis flammea CRESS-DNA-virus sp.,2815018
Cecropis daurica CRESS-DNA-virus sp.,2815023
Chrysolophus pictus CRESS-DNA-virus sp.,2815020
Cyanopica cyanus CRESS-DNA-virus sp.,2815025
Dendrocopos leucotos CRESS-DNA-virus sp.,2815028
Emberiza cioides CRESS-DNA-virus sp.,2815030
Emberiza tristrami CRESS-DNA-virus sp.,2815034
Grus monacha CRESS-DNA-virus sp.,2815037
Luscinia cyane CRESS-DNA-virus sp.,2815040
Luscinia sibilans CRESS-DNA-virus sp.,2815041
Muscicapa latirostris CRESS-DNA-virus sp.,2815046
Otus scops CRESS-DNA-virus sp.,2815048
Phoenicopterus roseus CRESS-DNA-virus sp.,2815052
Phylloscopus fuscatus CRESS-DNA-virus sp.,2815054
Prunella montanella CRESS-DNA-virus sp.,2815056
Turdus naumanni CRESS-DNA-virus sp.,2815063
Emberiza rustica Genomoviridae sp.,2814949
Emberiza spodocephala Genomoviridae sp.,2814950
Prunella montanella Genomoviridae sp.,2814991
Bobaya virus,2818228
Gull adenovirus,1306817
Aalivirus A,2169685
Foot-and-mouth disease virus,12110
Deltacoronavirus HNU1-1,2814911
Deltacoronavirus HNU1-2,2814912
Deltacoronavirus HNU3,2814913
Deltacoronavirus HNU2,2814914
Orthoflavivirus encephalitidis,3052465
Mudlarkpox virus,2811215
Penguinpox virus 2,2811223
Duck-associated chapparvovirus,2810801
French Guiana picornavirus,2803188
French Guiana reovirus,2803189
Orthobunyavirus bataiense,3052371
Pacific black duck aviadenovirus,2798287
Grey teal gyrovirus,2798291
Pacific black duck calicivirus,2798288
Pacific black duck astrovirus,2798286
Pacific black duck orthoreovirus,2798289
Chestnut teal astrovirus,2798290
Chaphamaparvovirus gyb-MR3/2015/HUN,2785213
Montifringilla taczanowskii coronavirus N,2794340
Middelburg virus,11023
Gyrovirus 9,2781379
Duck ssDNA virus,2781382
Avian gyrovirus 13,2781374
Gyrovirus VC5,2781380
Gyrovirus VC7,2781381
Duck associated circular virus VC9,2781378
Duck genomovirus VC16,2781375
Duck genomovirus VC17,2781376
Passerine adenovirus 1,2779174
Blue tit hepacivirus,2777463
Magpie hepacivirus,2777467
Pelican hepacivirus,2777469
Lonchura striata deltavirus,2766951
Mayaro virus,59301
Poecivirus sp.,2759496
Gyrovirus 6,2583050
Antarctic virus 6_I_APBOOTsw001Ad,2761208
Antarctic virus 6_I_APBOOTsw001Ch,2761209
Antarctic virus 1_I_CPGEORsw001Ad,2761173
Antarctic virus 1_I_CPGEORsw002Ad,2761174
Antarctic virus 1_II_CPGEORsw003Ad,2761171
Antarctic virus 1_II_CPGEORsw003Ch,2761172
Antarctic virus 3_I_CPHALFsw004Ad,2761187
Antarctic virus 3_II_CPHALFsw005Ad,2761185
Antarctic virus 3_V_CPHALFsw003Ad,2761188
Antarctic virus 2_I_GPYANKsw001Ad,2761175
Antarctic virus 2_I_GPYANKsw001Ch,2761176
Antarctic virus 2_I_GPYANKsw002Ad,2761177
Antarctic virus 2_I_GPYANKsw003Ad,2761178
Antarctic virus 2_I_GPYANKsw004Ad,2761179
Antarctic virus 3_III_KPSTAsw010Ad,2761180
Antarctic virus 3_III_KPSTAsw014Ch,2761181
Antarctic virus 3_IV_KPSTAsw015Ch,2761186
Antarctic virus 3_III_KPSTAsw016Ch,2761182
Antarctic virus 3_III_KPSTAsw018Ch,2761183
Antarctic virus 3_III_KPSTAsw019Ch,2761184
Antarctic virus 4_I_KPSTAsw001Ad,2761196
Antarctic virus 4_II_KPSTAsw004Ad,2761189
Antarctic virus 4_II_KPSTAsw014Ch,2761190
Antarctic virus 4_II_KPSTAsw015Ch,2761191
Antarctic virus 4_II_KPSTAsw016Ch,2761192
Antarctic virus 4_II_KPSTAsw017Ch,2761193
Antarctic virus 4_II_KPSTAsw018Ch,2761194
Antarctic virus 4_II_KPSTAsw019Ch,2761195
Antarctic virus 4_I_KPSTAsw002Ad,2761197
Antarctic virus 4_I_KPSTAsw008Ad,2761198
Antarctic virus 4_I_KPSTAsw009Ad,2761199
Antarctic virus 4_I_KPSTAsw010Ad,2761200
Antarctic virus 5_I_KPSTAsw001Ad,2761201
Antarctic virus 5_I_KPSTAsw002Ad,2761202
Antarctic virus 5_I_KPSTAsw004Ad,2761203
Antarctic virus 5_I_KPSTAsw008Ad,2761204
Antarctic virus 5_I_KPSTAsw009Ad,2761205
Antarctic virus 5_I_KPSTAsw018Ch,2761206
Antarctic virus 5_I_KPSTAsw020Ch,2761207
Pacific black duck adeno-associated virus,2759417
Pacific black duck chaphamaparvovirus 1,2759407
Pacific black duck chaphamaparvovirus,2759406
Pacific black duck aveparvovirus,2759420
Chestnut teal chaphamaparvovirus 1,2759403
Chestnut teal chaphamaparvovirus 2,2759404
Chestnut teal chaphamaparvovirus 3,2759405
Chestnut teal chaphamaparvovirus,2759402
Wood duck chaphamaparvovirus,2759604
Grey teal chaphamaparvovirus,2759408
Chestnut teal aalivirus,2759411
Chestnut teal megrivirus,2759413
Chestnut teal sicinivirus-like virus,2759416
Pacific black duck sicinivirus-like virus,2759415
Pacific black duck aalivirus,2759412
Pacific black duck anativirus-like virus,2759419
Pacific black duck megrivirus,2592492
Wood duck megrivirus,2759414
Adenoviridae sp.,2558248
Retroviridae sp.,2681591
Duck hepacivirus,2590836
Avipoxvirus 1130,2744857
Owl adenovirus Aichi10341,2728828
Chicken circovirus 2,2735304
Chicken circovirus 3,2735305
Psittacine siadenovirus 1,2737672
Onychoprion fuscatus alphaherpesvirus 1,2737701
Corvid orthoreovirus,2737667
Chatham orthoreovirus,2737666
Psittacid herpesvirus 3,240876
Avipoxvirus Japanese cormorant/Yamanashi/2017,2734904
Avipoxvirus Japanese cormorant/Yamanashi/2019,2734905
Circoviridae sp.,1954248
Hepeviridae sp.,2715178
Weivirus-like virus sp.,2715103
Parvovirus NIH-CQV,1341019
Chapparvovirus sp.,2448649
Phlebovirus toscanaense,3052686
Gentoo penguin virus,2707191
Shackleton virus,2707265
Amundsen virus,2707192
Wendell virus,2707281
Oates virus,2707247
Scott virus,2707261
Ross virus,2707258
Shirase virus,2707267
Mawson virus,2707241
Wilkes virus,2707282
Hilary virus,2707225
Schouten virus,2707260
Gerritsz virus,2707222
Tyabin virus,2707276
Driatsky virus,2707213
Mott virus,2707244
Somov virus,2707269
Rymill virus,2707259
Ellsworth virus,2707217
Nordenskjold virus,2707245
Smith virus,2707268
Halley virus,2707223
Vespucci virus,2707279
Kagge virus,2707226
Raina virus,2707255
Stroud virus,2707270
Petrov virus,2707251
Maksutov virus,2707239
Dubrovin virus,2707215
Treshnikov virus,2707274
Luncke virus,2707236
Dralkin virus,2707212
Tolstikov virus,2707273
Tarbeyev virus,2707271
Serdyukov virus,2707264
Kornilov virus,2707229
Sedov virus,2707262
Fuchs virus,2707220
Bruce virus,2707201
Balleny virus,2707195
Ptolmey virus,2707254
Ui-te-Rangiora virus,2707277
de Kerguelen virus,2707286
Magellan virus,2707238
Coelho virus,2707206
Palmer virus,2707250
Shelvocke virus,2707266
Artemyev virus,2707193
Korotkevich virus,2707230
Lawrence virus,2707234
Krenkel virus,2707231
Averyanov virus,2707194
Khabarov virus,2707228
Bardin virus,2707196
Ketchum virus,2707227
Mella virus,2707242
Cope virus,2707209
Cooper virus,2707208
Tunzelmann virus,2707275
O'Leary virus,2707246
Marr virus,2707240
Halvorsen virus,2707224
Charcot virus,2707204
Biscoe virus,2707198
le Maire virus,2707290
la Roche virus,2707289
d'Urville virus,2707283
de Lozier virus,2707287
Varley virus,2707278
Telmo virus,2707272
Cook virus,2707207
Davis virus,2707210
Bransfield virus,2707200
Bellingshausen virus,2707197
Senko virus,2707263
Riiser virus,2707256
Christensen virus,2707205
Ousland virus,2707249
Dryglaski virus,2707214
Larsen virus,2707233
Borchgrevink virus,2707199
de Gerlache virus,2707285
Kyst virus,2707232
Byrd virus,2707203
Filchner virus,2707219
Dundee virus,2707216
Powell virus,2707253
Lazarev virus,2707235
de Castilla virus,2707284
de Nodal virus,2707288
Drake virus,2707211
Ostrekin virus,2707248
Chicken virus mg4_280,2720902
Chicken virus mg4_657,2720903
Chicken virus mg4_1578,2720900
Chicken virus mg4_2302,2720901
Chicken virus mg5_2197,2720905
Chicken virus mg5_2676,2720906
Chicken virus mg6_2056,2720909
Chicken virus mg8_273,2720912
Chicken virus mg7_41u,2720910
Chicken virus mg5_1345,2720904
Chicken virus mg6_1197,2720908
Chicken virus mg7_59,2720911
Chicken virus mg8_324,2720913
Chicken cyclovirus mg4_1122,2720954
Chicken cyclovirus mg5_2967,2720955
Chicken cyclovirus mg7_102,2720956
Chicken genomovirus mg2_75,2720938
Chicken genomovirus mg2_77,2720939
Chicken genomovirus mg4_1107,2720940
Chicken genomovirus mg4_1196,2720943
Chicken genomovirus mg4_1210,2720944
Chicken genomovirus mg4_1259,2720947
Chicken genomovirus mg7_70,2720948
Chicken genomovirus mg7_74,2720950
Chicken genomovirus mg8_416,2720953
Chicken genomovirus mg2_274u,2720937
Chicken smacovirus mg2_55,2720957
Chicken smacovirus mg5_1444,2720963
Chicken smacovirus mg6_1052,2720964
Chicken smacovirus mg7_57,2720965
Chicken smacovirus mg8_345,2720967
Sylvia atricapilla herpesvirus,2717890
Cyanistes caeruleus herpesvirus,2717889
Duck adenovirus,2233537
Budgerigar adenovirus 1,608831
Avipoxvirus Japanese cormorant/Iwakuni/2017,2582417
Avipoxvirus Japanese cormorant/Miyoshi/2017,2582418
Parvovirus AH0225,2712699
RNA virus hoopoe/BBanka01/2015/HUN,2711208
Orthoflavivirus loupingi,3048184
Cyvirus cyprinidallo3,3050271
Chimney swift adenovirus 1,2510842
Pygoscepivirus A,2846013
Duck parvovirus NM4,1962258
Tropical screech owl adenovirus 1,2691032
Smooth billed ani adenovirus 1,2691031
Chicken circovirus 4,2682574
Chicken circovirus 5,2681776
Magpiepox virus,2670734
Murine mastadenovirus B,1146873
Mason Creek virus,2651593
Buffalo Bayou virus,2651592
Bald eagle hepacivirus,2654971
Estrildidae adenovirus 2,2609083
Estrildidae adenovirus 1,2609082
Gouldian finch adenovirus 1,1391178
Brazilian bird anellovirus type 1,2604331
Brazilian bird anellovirus type 2,2604332
Brazilian bird anellovirus type 3,2604333
Chaphamaparvovirus avian1,3059863
Dependoparvovirus avian2,3059966
Norwalk virus,11983
Duck calicivirus 2,2605442
Gull metapneumovirus,2605443
Gull coronavirus,2605444
Duck picornavirus duck/FC22/China/2017,2602416
Red-necked stint avastrovirus,2592512
Red-necked stint gallivirus,2592516
Red-necked stint Picornavirus B-like,2592520
Avian coronavirus MW05,2724194
Sharp-tailed sandpiper Picornavirus B-like,2592521
Red-capped plover megrivirus,2592494
Grey teal calicivirus,2592487
Grey teal parvovirus,2592488
Grey teal picobirnavirus X,2592489
Grey teal picobirnavirus y,2592491
Grey teal picobirnavirus Z,2592490
Australian shelduck avian sapelovirus,2592486
Hepatitis B virus,10407
Pink-eared duck avastrovirus,2592511
Pink-eared duck calicivirus II,2592510
Pink-eared duck calicivirus I,2592509
Pink-eared duck megrivirus,2592493
Pink-eared duck picobirnavirus,2592517
Pink-eared duck picornavirus,2592518
Salmonella phage DaR-2019a,2571168
Salmonella phage DaR-2019b,2571169
Pernambuco virus,2565395
Pernambuco mycovirus 1,2565399
Pernambuco nodavirus,2565391
Ruddy turnstone astrovirus,2565393
Ruddy turnstone calicivirus,2565394
Kedah fatal kidney syndrome virus,2576440
Passerine astrovirus 1,2576226
Passerine astrovirus 2,2576227
Passerine astrovirus 3,2576228
Passerine astrovirus 4,2576229
European roller astrovirus,2565896
Puffin papillomavirus 1,2562557
Duck papillomavirus 3,2562546
Gull papillomavirus 1,2562547
Kittiwake papillomavirus 2,2562551
Gull papillomavirus 2,2562548
Gull papillomavirus 3,2562549
Kittiwake papillomavirus 1,2562550
Kittiwake papillomavirus 3,2562552
Kittiwake papillomavirus 4,2562553
Kittiwake papillomavirus 5,2562554
Kittiwake papillomavirus 6,2562555
Kittiwake papillomavirus 7,2562556
Chicken circovirus SDWF,2518641
Blue tit circovirus,2495901
Kammavanpettai virus,2282480
Bubo bubo herpesvirus,2489502
Avihepatovirus sp.,2212748
Avocet calicivirus,2212749
Avocet megrivirus,2212751
Avocet picornavirus,2212755
Avocet picornavirus B,2212790
Duck calicivirus,2212758
Duck rhabdovirus,2212761
Ruddy turnstone calicivirus A,2212768
Ruddy turnstone calicivirus B,2212769
Ruddy turnstone rotavirus,2212774
Shelduck calicivirus,2212776
Shelduck picobirnavirus I,2212779
Shelduck picobirnavirus II,2212780
Shelduck picobirnavirus III,2212781
Shelduck rhabdovirus,2212784
Etapapillomavirus 1,197771
Dalvirus anatis,2844056
Avipoxvirus clade C,2320697
Hapavirus flanders,1972612
Balagodu virus,2304618
Eagle poxvirus,2304054
Quail deltacoronavirus,2249315
Chicken chapparvovirus 1,2109366
Enterovirus F,1330520
Venezuelan equine encephalitis virus,11036
Hepatitis E virus,291484
Duck parvovirus NM100,1941434
Sparrow deltacoronavirus,2219863
Gyrovirus 10,2218660
Alphachrysovirus shuangaoense,2560765
Culex negev-like virus 3,2010275
RNA virus sp.,2217650
Justusliebigvirus phi92,2956041
Griffon vulture papillomavirus,2219104
Antarctic picorna-like virus,2184269
Falcon coronavirus UAE-HKU27,2078576
Houbara coronavirus UAE-HKU28,2078577
Pigeon coronavirus UAE-HKU29,2078583
Quail coronavirus UAE-HKU30,2078581
Strigid herpesvirus 1,2171489
Pigeon adenovirus FJ2017,2162686
Chicken gallivirus 1,1534550
Phacovirus sp.,2108520
unclassified avian avulavirus strain musk lorikeet/Melbourne/ML22-141263/2014,2115844
Cacatuid alphaherpesvirus 1,2115842
Podargid alphaherpesvirus 1,2115843
Circoviridae TaCV1,2094724
Circoviridae TaCV2,2094725
Orthobunyavirus gamboaense,3052393
Neotropic cormorant aviadenovirus,2086357
Neotropic cormorant herpesvirus,2086349
Avisivirus AVE052/AsV,2080834
Crahelivirus A,2734526
Chaphamaparvovirus gruiform1,3059865
Chaphamaparvovirus gruiform2,3059866
Chaphamaparvovirus gruiform3,3059867
Chaphamaparvovirus gruiform4,3059868
Rynchops niger coronavirus,1934038
Anser cygnoides coronavirus,1934040
unidentified adenovirus,10535
Salmonella phage SP1a,2109652
Parechovirus E,2734546
Kestrel picornavirus,1964371
Avipoxvirus 2017,2019388
Avipoxvirus 3864,2019389
Lambdatorquevirus phoci5,3052274
Chicken picornavirus UCC13,1839669
Western equine encephalitis virus,11039
Avastrovirus 1,1239437
Orthonairovirus bushkeyense,3052510
Chicken proventriculitis virus,1566005
Turkey aviadenovirus 2,878330
Orthoflavivirus powassanense,3048287
Dnistrovskyi 408 orbivirus,1930308
Pigeon adenovirus 2a,1924072
Jingmen toti-like virus 1,1923352
Jingmen birna-like virus,1923347
Jingmen picobirna-like virus 1,1923349
Jingmen bunya-like virus 1,1923348
Jingmen ascaridia virus 1,1923346
Avihepevirus egretti,2955389
Spheniscus humboldti poxvirus,1884826
Pigeon adenovirus 2b,1891777
Pigeon adenovirus 3,1891778
Pigeon adenovirus 4,1891779
Pigeon adenovirus 5,1891780
Parechovirus B,1803957
Human mastadenovirus F,130309
Penguin herpesvirus 1,1615847
Poecivirus RBNH-12,1871151
Poecivirus RBNH-929,1871152
Poecivirus NOCR-848,1871150
Poecivirus NOCR-674,1871149
Duck papillomavirus,1867231
unidentified Avipoxvirus,1856564
Gemycircularvirus furse1,2844444
Avipoxvirus large-billed crow/Asahikawa/Hokkaido/JPN/2008,1656227
Penguin herpesvirus 2,1770252
Chicken picornavirus,1819751
Turkey picornavirus,1819752
Phlebovirus arumowotense,2734439
Cape sugarbird pox virus,1692171
Avipoxvirus flamingo/PT-29021/Portugal/2010,1006326
Avipoxvirus chicken/PT-30327/Portugal/2013,1608258
Goose-dominant Coronavirus,1649335
Thalassarchid herpesvirus 1,1770233
Anativirus B,2734519
Phacovirus BY/PhV,1766560
Phacovirus GT/PhV,1766563
Phacovirus TR/PhV,1766566
Phacovirus NG/PhV,1766564
Phacovirus VG/PhV,1766567
Phacovirus CAB/PhV,1766561
Phacovirus DM/PhV,1766562
Avipoxvirus Betim 1,1756707
Astrovirus black-naped monarch/Cambodia/2010,1752874
Bald eagle poxvirus,1740857
Aviadenovirus KLC-2015,1652541
Protoparvovirus Udayana_MDPVA,1711931
Protoparvovirus Udayana_MDPVB,1711932
Akhtuba virus,1539747
Avian coronavirus 9203,2734509
Betacoronavirus 1,694003
Deltacoronavirus B07,1697925
Deltacoronavirus B04,1697926
Picobirnavirus HK-2014,1566334
Astrovirus HK-2014,1566335
Protoparvovirus HK-2014,1566336
Chicken picornavirus HK-2014,1566337
Astrovirus Er/BMTK529/HUN/2011,1671381
Phoenicopterid herpesvirus 1,1643444
Lyssavirus rabies,11292
Sulid herpesvirus 1,1638619
Orthoflavivirus israelense,3048154
Neoavian orthoreovirus,2734342
Astrovirus Pygoscelis/DT/2012,1586002
Avipoxvirus MZ-2014,1569592
Gallid herpesvirus,39566
Aichivirus A,72149
Avipoxvirus 31239,1333866
Avipoxvirus isolate Sevilla,1511774
Chinstrap penguin adenovirus 1,1434087
Chinstrap penguin adenovirus 3,1434089
Chinstrap penguin adenovirus 4,1434090
Chinstrap penguin adenovirus 5,1434091
Chinstrap penguin adenovirus 6,1434092
Chinstrap penguin adenovirus 7,1434093
Chinstrap penguin adenovirus 8,1434094
Picobirnavirus GI/PBV/turkey/USA/MN-1/2011,1497566
Avipoxvirus XL,1496299
Avipoxvirus DX,1496300
Avipoxvirus TD,1496301
Turkey picobirnavirus,1494923
shorebird astrovirus,1344564
shorebird coronavirus,1344565
Baku virus,1484571
Avipoxvirus OKr-2014,1465725
Eurasian oystercatcher coronavirus,1446361
Avian retrovirus,11955
Avian picobirnavirus GI,1382266
Aveparvovirus columbid1,3051982
Duck infectious anemia virus,1400257
Picobirnavirus turkey/USA-1507/2010,1353791
Picobirnavirus turkey/USA-1512/2010,1353792
Gemycircularvirus blabi1,2844422
Faeces associated gemycircularvirus 1,1593423
Avipoxvirus PGPV11K_FP1,1367520
Avipoxvirus PGPV11K_FP2,1367521
Avipoxvirus PGPV11K_Pi5,1367523
Avipoxvirus PGPV10K_LD1,1367517
Avipoxvirus PGPV11K_LD2,1367522
Avipoxvirus PGPVO_Pi1,1367525
Avipoxvirus PGPVO_Pi2,1367526
Avipoxvirus PGPVO_Pi4,1367527
Avipoxvirus PGPV10K_RP1,1367518
Avipoxvirus PGPV93K_RP2,1367524
Avipoxvirus PGPV10K_SP1,1367519
Avipoxvirus FGPV_KD09.ZAF,1367515
Avipoxvirus PEPV_San92,1367516
Cyclovirus nhanloai,3047966
Avipoxvirus Gav01/Lima/2011,1337067
Avastrovirus guineafowl/ITA/2010/Bari-ELVA,1176481
Brazilian penguinpox virus,1291378
Avipoxvirus isolate United Kingdom,1294115
Avipoxvirus isolate Hungary,1294100
Avipoxvirus isolate Nevada,1294108
Avipoxvirus isolate Hawaii,462818
Avipoxvirus isolate Chile,1294095
Avipoxvirus isolate Georgia,1294099
Avipoxvirus isolate South Korea,1294112
Avipoxvirus isolate Spain,1294113
Avipoxvirus isolate Antarctica,1294090
Avipoxvirus isolate Alaska,1294089
Avipoxvirus isolate Washington,1294117
Avipoxvirus isolate Midway Islands,1294104
Avipoxvirus isolate Argentina,1294091
Avipoxvirus isolate Wisconsin,1294119
Avipoxvirus isolate Texas,1294114
Avipoxvirus isolate New York,1294109
Avipoxvirus isolate Illinois,1294101
Avipoxvirus isolate California,1294094
Avipoxvirus isolate Florida,1294097
Avipoxvirus isolate Minnesota,1294105
Avipoxvirus isolate Utah,1294116
Avipoxvirus isolate Oregon,1294110
Avipoxvirus isolate Washington DC,1294118
Avipoxvirus isolate Massachusetts,1294103
Avipoxvirus isolate Colorado,1294096
Avipoxvirus isolate the Netherlands,1294120
Avipoxvirus isolate Maryland,1294102
Avipoxvirus isolate Pennsylvania,1294111
Avipoxvirus isolate Belgium,1294093
Avipoxvirus isolate Mississippi,1294106
Avipoxvirus isolate Montana,1294107
Avipoxvirus VIC-02,1281442
Avipoxvirus VIC-08,1281441
BeAn 157575 virus,1272938
Kannamangalam virus,1272944
Navarro virus,1272950
Sunrhavirus sandjimba,2956484
Guinea fowl circovirus,1267906
Avipoxvirus BL-2012,1237714
Cygnet River virus,1151044
Avipoxvirus TMPV,1259810
Parvovirus AC-2012,1216504
Avipoxvirus strain Elsharqyia_PGPV,1234869
Duck flavivirus Anhui/2010,1208385
Small anellovirus,393049
Avipoxvirus FMA-2012,1176578
Goose adenovirus 5,1170688
Astrovirus CDB-2012,1166568
Avian paramyxovirus penguin/Espirito Santo-Brazil/2008,1049185
Guinea fowl astrovirus,1105348
Avipoxvirus penguin/AP/ARG/2007,1133595
Picornavirus chicken/CHK1/USA/2010,990662
Picornavirus chicken/CHK165/USA/2010,990664
Picornavirus chicken/CHK168/USA/2010,990665
Picornavirus chicken/CHK175/USA/2010,990666
Picornavirus turkey/TRK24/USA/2010,990668
Picornavirus turkey/TRK90/USA/2010,990669
Picornavirus turkey/TRK91/USA/2010,990670
Picornavirus chicken/CHK148/USA/2010,990663
Picornavirus turkey/TRK22/USA/2010,990667
South polar skua adenovirus-2,886981
South polar skua adenovirus-3,886982
South polar skua adenovirus-4,886983
South polar skua adenovirus-5,886984
south polar skua adenovirus-6,886985
Flavivirus strain CJD05,1095754
Phasianid herpesvirus 1,1098913
Duck flavivirus strain YY5,1093105
Chicken parvovirus Ch_114_10,1090532
Yaounde-like virus Ave-Ghana/2007,1082545
Flavivirus CJD05/CHN/2010,1086585
Flavivirus duck/SD/CHN/2010,1085621
Chicken parvovirus 458/HRV/2010,1081802
Chicken parvovirus 92/HRV/2009,1081803
Chicken parvovirus 109/HRV/2009,1081804
Chicken parvovirus 404/HRV/2010,1081805
Chicken parvovirus 399/HRV/2010,1081806
Chicken parvovirus 478/HRV/2010,1081807
Duck hemorrhagic ovaritis virus,1070859
Turkey parvovirus Croatia/Munt/2010,1048870
Chicken parvovirus Cro/Glog/2010,1048871
Avipoxvirus India/07/2009,1004021
Avipoxvirus India/08/2009,1004022
Avipoxvirus E00/RD,1047191
Avipoxvirus E00/S5,1047192
Avipoxvirus E00/U5,1047193
Avipoxvirus E00/UN,1047194
Avipoxvirus E00/VS,1047195
Avipoxvirus ID8501092,1047199
Avipoxvirus ID8964,1047201
Avipoxvirus ID2757,1047198
Avipoxvirus ID8926,1047200
Avipoxvirus ID9801,1047203
Avipoxvirus ID9081,1047202
Avipoxvirus ID2701,1047197
Avipoxvirus Pat/07,1047205
Avipoxvirus 2A205643,1047190
Avipoxvirus N624124,1047204
Avipoxvirus EX8221,1047196
Pigeon picornavirus A,928290
Parvovirus partridge/PA147/ITA/2008,995017
Fregata magnificens herpesvirus,576892
Birnavirus sp.,41996
Avipoxvirus pigeon/CAPM V-101/CZE/1965,856735
Avipoxvirus canary/PT-44463/Portugal/2010,1006327
Avipoxvirus Spilornis cheela/Taiwan/2008,1004778
Calicivirus chicken/V0013/Bayern/2004,1001627
Calicivirus chicken/V0027/Bayern/2004,1001628
Avipoxvirus Pox7379,795166
Avipoxvirus Pox10291,795157
Avipoxvirus Pox10302,795158
Avipoxvirus Pox10588,795159
Avipoxvirus Pox10643,795160
Avipoxvirus Pox10716,795161
Avipoxvirus Pox11408,795162
Avipoxvirus Pox11458,795163
Avipoxvirus PoxHAAM26,795167
Avipoxvirus Pox12717,795164
Avipoxvirus Pox13916,795165
Avipoxvirus PoxPV013.3,795168
Chicken parvovirus Ch5596_7/2010/HUN,881308
Chicken parvovirus Ch5596_10/2010/HUN,881305
Chicken parvovirus Ch5596_13/2010/HUN,881306
Chicken parvovirus Ch5596_18/2010/HUN,881307
Turkey parvovirus Tu33/2010/HUN,881311
Turkey parvovirus Tu762/2009/HUN,881312
Chicken parvovirus Ch1515/2007/HUN,881302
Chicken parvovirus Ch189/2009/HUN,881303
Chicken parvovirus Ch538/2009/HUN,881304
Chicken parvovirus Ch841_3/2009/HUN,881309
Chicken parvovirus Ch852/2009/HUN,881310
Chicken parvovirus Ch1514/2007/HUN,881301
Avipoxvirus HNPV/NZL/2002,986718
Avipoxvirus TNPV6/NZL/2009,986719
Avipoxvirus PCcPV2/NZL/2007,986720
Avipoxvirus TNPV3/NZL/2007,986722
Avipoxvirus PCcPV1/NZL/2006,986723
Avipoxvirus TVPV2/NZL/2008,986724
Avipoxvirus HUPV1/NZL/1992,986725
Avipoxvirus PTPV/NZL/2005,986726
Avipoxvirus PAPV/NZL/2002,986727
Avipoxvirus TPPV/NZL/2002,986728
Avipoxvirus ZLPV1/NZL/2007,986729
Parvovirus USP400-9A/Brazil/2010,984282
Parvovirus USP400-8A/Brazil/2010,984281
Parvovirus USP400-4B/Brazil/2010,984280
Parvovirus USP400-2B/Brazil/2010,984279
Parvovirus USP371-4/Brazil/2009,984277
Parvovirus USP371-1/Brazil/2009,984276
Parvovirus USP369-E/Brazil/2009,984275
Parvovirus USP369-D/Brazil/2009,984274
Parvovirus USP391-2/Brazil/2009,984278
Goose adenovirus Y81G4,944993
Herpesvirus goose/GAV08/Poland/2008,936150
Avipoxvirus flamingo/KD09/ZAF,704179
Common buzzard alphaherpesvirus,690691
Fowl adenovirus HR4,911322
Fowl adenovirus HR3,911323
Fowl adenovirus HR2,911324
Fowl adenovirus HR1,911325
Orthoflavivirus louisense,3052468
Avipoxvirus white-tailed eagle/Hokkaido/JPN/2004,880350
Chicken parvovirus 347/HUN/2008,762506
Chicken parvovirus 348/HUN/2008,762507
Chicken parvovirus 528/HUN/2009,762508
Chicken parvovirus A1/HUN/2009,762509
Chicken parvovirus ABU/HUN/2009,762510
Chicken parvovirus B1/HUN/2009,762511
Fort Morgan virus,48544
Cyclovirus NG_chicken11,742974
Cyclovirus NG_chicken12,742975
Cyclovirus NG_chicken13,742976
Cyclovirus NG_chicken14,742977
Cyclovirus NG_chicken15,742978
Cyclovirus NG_chicken16,742979
Circovirus NG_chicken17,742980
Cyclovirus NG_chicken18,742981
Cyclovirus NG_chicken19,742982
Cyclovirus NG_chicken2,742983
Circovirus NG_chicken20,742984
Circovirus NG_chicken21,742985
Cyclovirus NG_chicken22,742986
Cyclovirus NG_chicken23,742987
Cyclovirus NG_chicken24,742988
Circovirus NG_chicken25,742989
Cyclovirus NG_chicken26,742990
Cyclovirus NG_chicken3,742991
Cyclovirus NG_chicken31,742992
Cyclovirus NG_chicken32,742993
Circovirus NG_chicken33,742994
Cyclovirus NG_chicken36,742995
Cyclovirus NG_chicken37,742996
Circovirus NG_chicken38,742997
Circovirus NG_chicken39,742998
Circovirus NG_chicken5,742999
Cyclovirus NG_chicken6,743000
Cyclovirus NG_chicken7,743001
Cyclovirus NG_chicken8,743002
Cyclovirus NG_chicken9,743003
Parvovirus USP336-7/Brazil/2009,746113
Parvovirus USP336-5/Brazil/2009,746112
Avipoxvirus MK1,692273
Avipoxvirus OL1,692274
Chicken parvovirus 5B8/2009,703584
Gaviid herpesvirus 1,690285
Ross River virus,11029
Rotavirus turkey/MN/D-049317/2007,664644
Rotavirus turkey/MN/D-059867/2008,664646
Rotavirus turkey/MN/D-007861/2007,664658
Avipoxvirus isolate Pat/07,656810
Avipoxvirus isolate Cca/07,656811
Avipoxvirus isolate Sat/07,656812
Avipoxvirus isolate Cch/07,656813
Avipoxvirus isolate ID8964,656814
Avipoxvirus isolate ID8501092,656815
Rotavirus turkey/MN/D-007553/2007,661056
Rotavirus turkey/MN/D-007554/2007,661057
Rotavirus turkey/MN/D-007555/2007,661058
Rotavirus turkey/MN/D-007862/2007,661059
Rotavirus turkey/MN/D-007863/2007,661060
Rotavirus turkey/MN/D-22852/2007,661085
Rotavirus turkey/MN/D-035365/2007,661065
Rotavirus turkey/MN/D-046159/2007,661066
Rotavirus turkey/MN/D-049007/2007,661069
Rotavirus turkey/MN/D-052725/2007,661070
Rotavirus turkey/MN/D-053540/2007,661071
Rotavirus turkey/MN/D-053578/2007,661072
Rotavirus turkey/MN/D-053706/2007,661073
Rotavirus turkey/MN/D-053853/2007,661074
Rotavirus turkey/MN/D-054413/2007,661075
Rotavirus turkey/MN/D-055423/2007,661076
Rotavirus turkey/MN/D-056058/2007,661079
Rotavirus turkey/MN/D-056826/2007,661080
Rotavirus turkey/MN/D-058211/2007,661081
Rotavirus turkey/MN/D-058212/2007,661082
Rotavirus turkey/MN/D-058648/2007,661083
Rotavirus turkey/MN/D-059191/2007,661084
Rotavirus turkey/MN/D-000818/2008,661052
Rotavirus turkey/MN/D-004782/2008,661053
Rotavirus turkey/MN/D-005329/2008,661054
Rotavirus turkey/MN/D-005331/2008,661055
Rotavirus turkey/MN/D-016170/2008,661061
Rotavirus turkey/MN/D-016171/2008,661062
Rotavirus turkey/MN/D-022564/2008,661063
Rotavirus turkey/MN/D-022565/2008,661064
Rotavirus turkey/MN/D-047428/2008,661067
Rotavirus turkey/MN/D-048814/2008,661068
Rotavirus turkey/MN/D-055431/2008,661077
Rotavirus turkey/MN/D-055471/2008,661078
Avipoxvirus great tit/ER-2008/CZE,569164
Avian nephritis virus 3,640327
Duck hepatitis virus AP,464094
Coronavirus Anas/p71/2005/GBR,643397
Coronavirus red knot/p60/2006/GBR,643398
Coronavirus oystercatcher/p17/2006/GBR,643399
Coronavirus Anas/p42/2005/GBR,643400
Avian rotavirus turkey/Minnesota/B1001/2008,639242
Avian rotavirus turkey/Minnesota/B1002/2008,639243
Avian rotavirus turkey/Minnesota/B1003/2008,639244
Avian rotavirus turkey/Minnesota/B1004/2008,639245
Avian rotavirus turkey/Minnesota/B1006/2008,639246
Avian rotavirus turkey/Minnesota/B1009/2008,639247
Avian rotavirus turkey/Minnesota/B1010/2008,639248
Avian rotavirus turkey/Minnesota/B1012/2008,639249
Avian rotavirus turkey/Minnesota/B1013/2008,639250
Avian rotavirus turkey/Minnesota/B1014/2008,639251
Avian rotavirus turkey/Minnesota/B1015/2008,639252
Avian rotavirus turkey/Minnesota/B1016/2008,639253
Avian rotavirus turkey/Minnesota/B1017/2008,639254
Avian rotavirus turkey/Minnesota/B1019/2008,639255
Avian rotavirus turkey/Minnesota/B1020/2008,639256
Avian rotavirus turkey/Minnesota/B1021/2008,639257
Avian rotavirus turkey/Minnesota/B1023/2008,639258
Avian rotavirus turkey/Minnesota/B2004/2008,639259
Avian rotavirus turkey/Minnesota/B2031/2008,639260
Avian rotavirus turkey/Minnesota/B2032/2008,639261
Avian rotavirus turkey/Minnesota/B2036/2008,639262
Avian rotavirus turkey/Minnesota/B2039/2008,639263
Avian rotavirus turkey/Minnesota/B3003/2008,639264
Avian rotavirus turkey/Minnesota/B3004/2008,639265
Avian rotavirus turkey/Minnesota/B3005/2008,639266
Avian rotavirus turkey/Minnesota/B3006/2008,639267
Avian rotavirus turkey/Minnesota/B3007/2008,639268
Avian rotavirus turkey/Minnesota/B3025/2008,639269
Avian rotavirus turkey/Minnesota/B3029/2008,639270
Avian rotavirus turkey/Minnesota/B4021/2008,639271
Avian rotavirus turkey/Minnesota/B5006/2008,639272
Avian rotavirus turkey/Minnesota/B5009/2008,639273
Avian rotavirus turkey/Minnesota/B5015/2008,639274
Avian rotavirus turkey/Minnesota/B5018/2008,639275
Avian rotavirus turkey/Minnesota/B5019/2008,639276
Avian rotavirus turkey/Minnesota/B5020/2008,639277
Avian rotavirus turkey/Minnesota/B5022/2008,639278
Avian rotavirus turkey/Minnesota/B5023/2008,639279
Avian rotavirus turkey/Minnesota/B5024/2008,639280
Avian rotavirus turkey/Minnesota/B5035/2008,639281
Fowl adenovirus 12,172858
Avipoxvirus wood pigeon/ER-2008/CZE,569163
Chicken astrovirus 2,544801
Ostrich orthoreovirus Ost1,524890
Avipoxvirus Berthelot's pipit/Porto Santo/V5PO/2006,565243
Avipoxvirus Berthelot's pipit/Tenerife/blue titpox/2006,565244
Avipoxvirus isolate 1739/2006,468376
Avipoxvirus isolate 2634/1998,468377
Avipoxvirus isolate PM9/2007,468380
Avipoxvirus isolate PM33/2007,468378
Avipoxvirus isolate PM34/2007,468379
Flamingopox virus,503979
Psittacine orthoreovirus AGPReo1983,489824
Corvus corone cornix 2002 orthoreovirus,381199
Avipoxvirus blackcap/CZE/2007,469620
Plum headed parakeet adenovirus 1,461346
Avipoxvirus PA153/05,408592
Avipoxvirus CVL,365620
Avipoxvirus isolate Vienna,405092
Quail coronavirus Italy/Elvia/2005,431320
Chicken enteric coronavirus,229103
Avipoxvirus Peekham,365621
Passerid herpesvirus 1,199702
Parrot coronavirus AV71/99,352849
Virginian WCV avipoxvirus,365612
Aplomado falcon AAV1,416277
Aplomado falcon AAV2,416278
Turkey astrovirus 3,298903
Vulture herpesvirus,285986
Avipoxvirus GB,365613
Avipoxvirus isolate DD1258,263954
Avipoxvirus isolate APIII,263959
Heron hepatitis B virus,28300
Hawaiian goose poxvirus,228177
Vultur gryphus poxvirus,227305
Lyssavirus australis,90961
Orthobornavirus bornaense,1714619
Reovirus sp.,10891
Avian endogenous virus,11945
MLV-related retrovirus,53454
Avian myeloblastosis-associated virus,11960
IC4 retrovirus,36381
JDV virus,12521
