Pathogen Species,GA
Aalivirus A,
Aalivirus apekidu,GCF_000919155.1
Acanthis flammea CRESS-DNA-virus sp.,0
Accipiter gentilis parvo-like hybrid virus,0
Accipiter gentilis parvoviridae sp.,0
Adeno-associated virus,GCF_004129875.1
Adenoviridae sp.,0
Adenovirus acanthiza15342,0
Adintovirus pavo15764,0
Aegithalos caudatus CRESS-DNA-virus sp.,0
Aegithalos caudatus parvoviridae sp.,0
Aichivirus A,
Akhtuba virus,0
Albatrosspox virus,GCA_023528145.1
Alphachrysovirus shuangaoense,
Alphainfluenzavirus influenzae,GCF_000864105.1
Amundsen virus,0
Anas platyrhynchos papillomavirus 2,GCA_031259165.1
Anas platyrhynchos papillomavirus 3,0
Anatid alphaherpesvirus 1,
Anatid alphaherpesvirus 2,0
Anatid alphaherpesvirus 3,0
Anativirus B,
Anativirus biphaco,GCF_013087335.1
Anativirus sp.,0
Anellovirus gallus2670,0
Anellovirus meleagris2358,0
Anellovirus meleagris2399,0
Anser anser CRESS-DNA-virus sp.,0
Anser anser dependoparvovirus,0
Anser circovirus,0
Anser cygnoides coronavirus,0
Anser fabalis coronavirus,0
Anser fabalis coronavirus NCN2,GCA_031259465.1
Antarctic picorna-like virus,0
Antarctic virus 1_II_CPGEORsw003Ad,GCA_031220185.1
Antarctic virus 1_II_CPGEORsw003Ch,GCA_031220215.1
Antarctic virus 1_I_CPGEORsw001Ad,GCA_031222645.1
Antarctic virus 1_I_CPGEORsw002Ad,GCA_031222685.1
Antarctic virus 2_I_GPYANKsw001Ad,GCA_031222755.1
Antarctic virus 2_I_GPYANKsw001Ch,GCA_031222775.1
Antarctic virus 2_I_GPYANKsw002Ad,GCA_031222785.1
Antarctic virus 2_I_GPYANKsw003Ad,GCA_031222815.1
Antarctic virus 2_I_GPYANKsw004Ad,GCA_031222865.1
Antarctic virus 3_III_KPSTAsw010Ad,GCA_031222875.1
Antarctic virus 3_III_KPSTAsw014Ch,GCA_031222925.1
Antarctic virus 3_III_KPSTAsw016Ch,GCA_031222945.1
Antarctic virus 3_III_KPSTAsw018Ch,GCA_031223005.1
Antarctic virus 3_III_KPSTAsw019Ch,GCA_031223025.1
Antarctic virus 3_II_CPHALFsw005Ad,GCA_031223085.1
Antarctic virus 3_IV_KPSTAsw015Ch,GCA_031223095.1
Antarctic virus 3_I_CPHALFsw004Ad,GCA_031223155.1
Antarctic virus 3_V_CPHALFsw003Ad,GCA_031223215.1
Antarctic virus 4_II_KPSTAsw004Ad,GCA_031223245.1
Antarctic virus 4_II_KPSTAsw014Ch,GCA_031223275.1
Antarctic virus 4_II_KPSTAsw015Ch,GCA_031223325.1
Antarctic virus 4_II_KPSTAsw016Ch,GCA_031223345.1
Antarctic virus 4_II_KPSTAsw017Ch,GCA_031223385.1
Antarctic virus 4_II_KPSTAsw018Ch,GCA_031223425.1
Antarctic virus 4_II_KPSTAsw019Ch,GCA_031223465.1
Antarctic virus 4_I_KPSTAsw001Ad,GCA_031223515.1
Antarctic virus 4_I_KPSTAsw002Ad,GCA_031223535.1
Antarctic virus 4_I_KPSTAsw008Ad,GCA_031223575.1
Antarctic virus 4_I_KPSTAsw009Ad,GCA_031223625.1
Antarctic virus 4_I_KPSTAsw010Ad,GCA_031223635.1
Antarctic virus 5_I_KPSTAsw001Ad,GCA_031223695.1
Antarctic virus 5_I_KPSTAsw002Ad,GCA_031223715.1
Antarctic virus 5_I_KPSTAsw004Ad,0
Antarctic virus 5_I_KPSTAsw008Ad,GCA_031223735.1
Antarctic virus 5_I_KPSTAsw009Ad,GCA_031223745.1
Antarctic virus 5_I_KPSTAsw018Ch,GCA_031223755.1
Antarctic virus 5_I_KPSTAsw020Ch,GCA_031223765.1
Antarctic virus 6_I_APBOOTsw001Ad,GCA_031223775.1
Antarctic virus 6_I_APBOOTsw001Ch,GCA_031223905.1
Apapanepox virus,0
Aplomado falcon AAV1,0
Aplomado falcon AAV2,0
Apteryx rowi circovirus-like virus,GCF_004129215.1
Aquila chrysaetos herpesvirus,0
Ara ararauna Chaphamaparvovirus,0
Ara ararauna aveparvovirus,0
Ara ararauna parvoviridae sp.,0
Ara severa parvoviridae sp.,0
Ardenna gravis alphaherpesvirus,0
Artemyev virus,0
Arundinax aedon parvoviridae sp.,0
Asio otus herpesvirus,0
Astroviridae sp.,GCA_031323405.1
Astrovirus CDB-2012,0
Astrovirus Er/BMTK529/HUN/2011,0
Astrovirus Er/SZAL6/HUN/2011,GCF_001045265.1
Astrovirus HK-2014,0
Astrovirus Pygoscelis/DT/2012,0
Astrovirus black-naped monarch/Cambodia/2010,0
Atadenovirus sp.,0
Australian shelduck avian sapelovirus,0
Avastrovirus 1,0
Avastrovirus 2,
Avastrovirus 3,
Avastrovirus guineafowl/ITA/2010/Bari-ELVA,0
Avastrovirus sp.,0
Aveparvovirus columbid1,0
Aveparvovirus galliform1,
Aveparvovirus gruiform1,GCF_004130255.1
Aveparvovirus sp.,GCA_031199785.1
Averyanov virus,0
Aviadenovirus KLC-2015,0
Aviadenovirus hydropericardii,0
Aviadenovirus leucophthalmi,GCF_023131475.1
Aviadenovirus sp.,GCA_034408845.1
Avian HDV-like agent,GCF_004134625.1
Avian associated bastrovirus 1,0
Avian associated bastrovirus 2,0
Avian associated calicivirus 1,0
Avian associated calicivirus 2,0
Avian associated calicivirus 3,0
Avian associated calicivirus 4,0
Avian associated calicivirus 5,0
Avian associated hepe-like virus 1,0
Avian associated hepe-like virus 10,0
Avian associated hepe-like virus 2,0
Avian associated hepe-like virus 3,0
Avian associated hepe-like virus 4,0
Avian associated hepe-like virus 5,0
Avian associated hepe-like virus 6,0
Avian associated hepe-like virus 7,0
Avian associated hepe-like virus 8,0
Avian associated hepe-like virus 9,0
Avian associated orbivirus 1,0
Avian associated picorna-like virus 1,0
Avian associated picorna-like virus 10,0
Avian associated picorna-like virus 11,0
Avian associated picorna-like virus 13,0
Avian associated picorna-like virus 14,0
Avian associated picorna-like virus 15,0
Avian associated picorna-like virus 16,0
Avian associated picorna-like virus 17,0
Avian associated picorna-like virus 18,0
Avian associated picorna-like virus 19,0
Avian associated picorna-like virus 2,0
Avian associated picorna-like virus 20,0
Avian associated picorna-like virus 21,0
Avian associated picorna-like virus 22,0
Avian associated picorna-like virus 23,0
Avian associated picorna-like virus 24,0
Avian associated picorna-like virus 25,0
Avian associated picorna-like virus 26,0
Avian associated picorna-like virus 27,0
Avian associated picorna-like virus 3,0
Avian associated picorna-like virus 4,0
Avian associated picorna-like virus 5,0
Avian associated picorna-like virus 6,0
Avian associated picorna-like virus 7,0
Avian associated picorna-like virus 8,0
Avian associated picorna-like virus 9,0
Avian associated reo-like virus 1,0
Avian associated reo-like virus 2,0
Avian associated reo-like virus 3,0
Avian associated reo-like virus 4,0
Avian associated reo-like virus 5,0
Avian associated reo-like virus 6,0
Avian astrovirus,GCA_031163175.1
Avian astrovirus 2,0
Avian avastrovirus 4,0
Avian bornavirus,0
Avian chapparvovirus,GCF_029884985.1
Avian coronavirus,GCF_012271575.1
Avian coronavirus 9203,0
Avian coronavirus MW05,0
Avian endogenous retrovirus EAV-HP,GCF_000859965.1
Avian endogenous virus,0
Avian gyrovirus 13,GCA_031236215.1
Avian leukosis virus,GCF_000891575.1
Avian megrivirus,GCA_031321445.1
Avian metaavulavirus 21,GCF_018586885.1
Avian myeloblastosis-associated virus,0
Avian nephritis virus,GCA_031155505.1
Avian nephritis virus 3,0
Avian orthoreovirus,GCF_003092915.1
Avian paramyxovirus 17,GCF_013087815.1
Avian paramyxovirus penguin/Espirito Santo-Brazil/2008,0
Avian picobirnavirus,0
Avian picobirnavirus GI,0
Avian polyomavirus,0
Avian retrovirus,0
Avian rotavirus turkey/Minnesota/B1001/2008,0
Avian rotavirus turkey/Minnesota/B1002/2008,0
Avian rotavirus turkey/Minnesota/B1003/2008,0
Avian rotavirus turkey/Minnesota/B1004/2008,0
Avian rotavirus turkey/Minnesota/B1006/2008,0
Avian rotavirus turkey/Minnesota/B1009/2008,0
Avian rotavirus turkey/Minnesota/B1010/2008,0
Avian rotavirus turkey/Minnesota/B1012/2008,0
Avian rotavirus turkey/Minnesota/B1013/2008,0
Avian rotavirus turkey/Minnesota/B1014/2008,0
Avian rotavirus turkey/Minnesota/B1015/2008,0
Avian rotavirus turkey/Minnesota/B1016/2008,0
Avian rotavirus turkey/Minnesota/B1017/2008,0
Avian rotavirus turkey/Minnesota/B1019/2008,0
Avian rotavirus turkey/Minnesota/B1020/2008,0
Avian rotavirus turkey/Minnesota/B1021/2008,0
Avian rotavirus turkey/Minnesota/B1023/2008,0
Avian rotavirus turkey/Minnesota/B2004/2008,0
Avian rotavirus turkey/Minnesota/B2031/2008,0
Avian rotavirus turkey/Minnesota/B2032/2008,0
Avian rotavirus turkey/Minnesota/B2036/2008,0
Avian rotavirus turkey/Minnesota/B2039/2008,0
Avian rotavirus turkey/Minnesota/B3003/2008,0
Avian rotavirus turkey/Minnesota/B3004/2008,0
Avian rotavirus turkey/Minnesota/B3005/2008,0
Avian rotavirus turkey/Minnesota/B3006/2008,0
Avian rotavirus turkey/Minnesota/B3007/2008,0
Avian rotavirus turkey/Minnesota/B3025/2008,0
Avian rotavirus turkey/Minnesota/B3029/2008,0
Avian rotavirus turkey/Minnesota/B4021/2008,0
Avian rotavirus turkey/Minnesota/B5006/2008,0
Avian rotavirus turkey/Minnesota/B5009/2008,0
Avian rotavirus turkey/Minnesota/B5015/2008,0
Avian rotavirus turkey/Minnesota/B5018/2008,0
Avian rotavirus turkey/Minnesota/B5019/2008,0
Avian rotavirus turkey/Minnesota/B5020/2008,0
Avian rotavirus turkey/Minnesota/B5022/2008,0
Avian rotavirus turkey/Minnesota/B5023/2008,0
Avian rotavirus turkey/Minnesota/B5024/2008,0
Avian rotavirus turkey/Minnesota/B5035/2008,0
Avibirnavirus gumboroense,GCF_000855485.1
Avihepatovirus A,
Avihepatovirus sp.,0
Avihepevirus egretti,0
Avihepevirus magniiecur,
Avipoxvirus 1130,0
Avipoxvirus 2017,0
Avipoxvirus 2A205643,0
Avipoxvirus 31239,0
Avipoxvirus 3864,0
Avipoxvirus BL-2012,0
Avipoxvirus Berthelot's pipit/Porto Santo/V5PO/2006,0
Avipoxvirus Berthelot's pipit/Tenerife/blue titpox/2006,0
Avipoxvirus Betim 1,0
Avipoxvirus CVL,0
Avipoxvirus DX,0
Avipoxvirus E00/RD,0
Avipoxvirus E00/S5,0
Avipoxvirus E00/U5,0
Avipoxvirus E00/UN,0
Avipoxvirus E00/VS,0
Avipoxvirus EX8221,0
Avipoxvirus FGPV_KD09.ZAF,0
Avipoxvirus FMA-2012,0
Avipoxvirus GB,0
Avipoxvirus Gav01/Lima/2011,0
Avipoxvirus HNPV/NZL/2002,0
Avipoxvirus HUPV1/NZL/1992,0
Avipoxvirus ID2701,0
Avipoxvirus ID2757,0
Avipoxvirus ID8501092,0
Avipoxvirus ID8926,0
Avipoxvirus ID8964,0
Avipoxvirus ID9081,0
Avipoxvirus ID9801,0
Avipoxvirus India/07/2009,0
Avipoxvirus India/08/2009,0
Avipoxvirus Japanese cormorant/Iwakuni/2017,0
Avipoxvirus Japanese cormorant/Miyoshi/2017,0
Avipoxvirus Japanese cormorant/Yamanashi/2017,0
Avipoxvirus Japanese cormorant/Yamanashi/2019,0
Avipoxvirus MK1,0
Avipoxvirus MZ-2014,0
Avipoxvirus N624124,0
Avipoxvirus OKr-2014,0
Avipoxvirus OL1,0
Avipoxvirus PA153/05,0
Avipoxvirus PAPV/NZL/2002,0
Avipoxvirus PCcPV1/NZL/2006,0
Avipoxvirus PCcPV2/NZL/2007,0
Avipoxvirus PEPV_San92,0
Avipoxvirus PGPV10K_LD1,0
Avipoxvirus PGPV10K_RP1,0
Avipoxvirus PGPV10K_SP1,0
Avipoxvirus PGPV11K_FP1,0
Avipoxvirus PGPV11K_FP2,0
Avipoxvirus PGPV11K_LD2,0
Avipoxvirus PGPV11K_Pi5,0
Avipoxvirus PGPV93K_RP2,0
Avipoxvirus PGPVO_Pi1,0
Avipoxvirus PGPVO_Pi2,0
Avipoxvirus PGPVO_Pi4,0
Avipoxvirus PTPV/NZL/2005,0
Avipoxvirus Pat/07,0
Avipoxvirus Peekham,0
Avipoxvirus Pox10291,0
Avipoxvirus Pox10302,0
Avipoxvirus Pox10588,0
Avipoxvirus Pox10643,0
Avipoxvirus Pox10716,0
Avipoxvirus Pox11408,0
Avipoxvirus Pox11458,0
Avipoxvirus Pox12717,0
Avipoxvirus Pox13916,0
Avipoxvirus Pox7379,0
Avipoxvirus PoxHAAM26,0
Avipoxvirus PoxPV013.3,0
Avipoxvirus Spilornis cheela/Taiwan/2008,0
Avipoxvirus TD,0
Avipoxvirus TMPV,0
Avipoxvirus TNPV3/NZL/2007,0
Avipoxvirus TNPV6/NZL/2009,0
Avipoxvirus TPPV/NZL/2002,0
Avipoxvirus TVPV2/NZL/2008,0
Avipoxvirus VIC-02,0
Avipoxvirus VIC-08,0
Avipoxvirus XL,0
Avipoxvirus ZLPV1/NZL/2007,0
Avipoxvirus blackcap/CZE/2007,0
Avipoxvirus canary/PT-44463/Portugal/2010,0
Avipoxvirus chicken/PT-30327/Portugal/2013,0
Avipoxvirus clade C,0
Avipoxvirus flamingo/KD09/ZAF,0
Avipoxvirus flamingo/PT-29021/Portugal/2010,0
Avipoxvirus great tit/ER-2008/CZE,0
Avipoxvirus isolate 1739/2006,0
Avipoxvirus isolate 2634/1998,0
Avipoxvirus isolate APIII,0
Avipoxvirus isolate Alaska,0
Avipoxvirus isolate Antarctica,0
Avipoxvirus isolate Argentina,0
Avipoxvirus isolate Arizona,0
Avipoxvirus isolate Belgium,0
Avipoxvirus isolate California,0
Avipoxvirus isolate Cca/07,0
Avipoxvirus isolate Cch/07,0
Avipoxvirus isolate Chile,0
Avipoxvirus isolate Colorado,0
Avipoxvirus isolate DD1258,0
Avipoxvirus isolate Florida,0
Avipoxvirus isolate Galapagos Islands,0
Avipoxvirus isolate Georgia,0
Avipoxvirus isolate Hawaii,0
Avipoxvirus isolate Hungary,0
Avipoxvirus isolate ID8501092,0
Avipoxvirus isolate ID8964,0
Avipoxvirus isolate Illinois,0
Avipoxvirus isolate Maryland,0
Avipoxvirus isolate Massachusetts,0
Avipoxvirus isolate Midway Islands,0
Avipoxvirus isolate Minnesota,0
Avipoxvirus isolate Mississippi,0
Avipoxvirus isolate Montana,0
Avipoxvirus isolate Nevada,0
Avipoxvirus isolate New York,0
Avipoxvirus isolate Oregon,0
Avipoxvirus isolate PM33/2007,0
Avipoxvirus isolate PM34/2007,0
Avipoxvirus isolate PM9/2007,0
Avipoxvirus isolate Pat/07,0
Avipoxvirus isolate Pennsylvania,0
Avipoxvirus isolate Sat/07,0
Avipoxvirus isolate Sevilla,0
Avipoxvirus isolate South Korea,0
Avipoxvirus isolate Spain,0
Avipoxvirus isolate Texas,0
Avipoxvirus isolate United Kingdom,0
Avipoxvirus isolate Utah,0
Avipoxvirus isolate Vienna,0
Avipoxvirus isolate Washington,0
Avipoxvirus isolate Washington DC,0
Avipoxvirus isolate Wisconsin,0
Avipoxvirus isolate the Netherlands,0
Avipoxvirus large-billed crow/Asahikawa/Hokkaido/JPN/2008,0
Avipoxvirus penguin/AP/ARG/2007,0
Avipoxvirus pigeon/CAPM V-101/CZE/1965,0
Avipoxvirus sp.,GCA_033951315.1
Avipoxvirus strain Elsharqyia_PGPV,0
Avipoxvirus white-tailed eagle/Hokkaido/JPN/2004,0
Avipoxvirus wood pigeon/ER-2008/CZE,0
Avisivirus A,GCF_002816595.1
Avisivirus AVE052/AsV,GCA_031171275.1
Avisivirus B,GCF_000924115.1
Avisivirus C,GCF_000923475.1
Avisivirus Pf-CHK1/AsV,GCF_001502795.1
Avisivirus sp.,0
Avocet calicivirus,0
Avocet megrivirus,0
Avocet picornavirus,0
Avocet picornavirus B,0
Avon-Heathcote Estuary associated circular virus 25,GCF_000954435.1
Avulavirus sp.,0
Baku virus,0
Balagodu virus,GCF_029887365.1
Bald eagle hepacivirus,GCA_031193265.1
Bald eagle poxvirus,0
Balleny virus,0
Bandavirus dabieense,
Bardin virus,0
Bavaria virus,GCF_001963095.1
Bavovirus sp.,0
BeAn 157575 virus,0
Belem virus,GCF_029887655.1
Bellingshausen virus,0
Bengalese munia circovirus,
Betacoronavirus 1,
Bird calicivirus,0
Bird parvovirus,0
Birnavirus sp.,0
Biscoe virus,0
Blackbird arilivirus,GCF_004132805.1
Blackbird siadenovirus,0
Blencathra virus,0
Blue tit circovirus,0
Blue tit hepacivirus,0
Bobaya virus,GCF_029888205.1
Bonasa bonasia parvoviridae sp.,0
Borchgrevink virus,0
Bransfield virus,0
Brazilian bird anellovirus type 1,0
Brazilian bird anellovirus type 2,0
Brazilian bird anellovirus type 3,0
Brazilian penguinpox virus,0
British Admiral virus,0
Bruce virus,0
Bruthen virus,0
Bubo bubo herpesvirus,0
Budgerigar adenovirus 1,0
Buffalo Bayou virus,0
Bulbul coronavirus HKU11,GCF_002816215.1
Buldecovirus sp.,0
Burhinus oedicnemus herpesvirus,
Buteo buteo herpesvirus,0
Byrd virus,0
CRESS DNA virus,0
Cacatuid alphaherpesvirus 1,0
Cacatuid alphaherpesvirus 2,GCF_027939225.1
Caliciviridae sp.,0
Calicivirus chicken/V0013/Bayern/2004,0
Calicivirus chicken/V0021/Bayern/2004,GCF_004786895.1
Calicivirus chicken/V0027/Bayern/2004,0
Calonectris borealis alphaherpesvirus,0
Canada goose coronavirus,GCF_012271745.1
Canary chaphamaparvovirus 1,0
Canary chaphamaparvovirus 2,0
Canary dependoparvovirus 1,0
Canary dependoparvovirus 2,0
Canarypox virus,GCF_000841685.1
Cape sugarbird pox virus,0
Carnarvon virus,0
Carpodacus sibiricus Genomoviridae sp.,0
Carpodacus sibiricus parvoviridae sp.,0
Cataraqui virus,0
Caudoviricetes sp.,GCA_003657725.1
Cecropis daurica CRESS-DNA-virus sp.,0
Cecropis daurica Genomoviridae sp.,0
Cecropis daurica parvoviridae sp.,0
Chaphamaparvovirus anseriform 7,0
Chaphamaparvovirus anseriform 8,0
Chaphamaparvovirus anseriform 9,0
Chaphamaparvovirus anseriform1,GCF_029885285.1
Chaphamaparvovirus anseriform2,GCF_029885295.1
Chaphamaparvovirus anseriform3,GCF_029885305.1
Chaphamaparvovirus anseriform4,GCF_029885275.1
Chaphamaparvovirus anseriform5,GCF_029885885.1
Chaphamaparvovirus anseriform6,GCF_029885895.1
Chaphamaparvovirus avian1,0
Chaphamaparvovirus galliform1,GCF_013087235.1
Chaphamaparvovirus galliform2,GCF_013087825.1
Chaphamaparvovirus galliform3,GCF_013087285.1
Chaphamaparvovirus galliform4,GCF_018587365.1
Chaphamaparvovirus galliform5,GCF_018587395.1
Chaphamaparvovirus gruiform1,0
Chaphamaparvovirus gruiform2,0
Chaphamaparvovirus gruiform3,0
Chaphamaparvovirus gruiform4,0
Chaphamaparvovirus gyb-MR3/2015/HUN,0
Chaphamaparvovirus psittacine1,GCF_018587825.1
Chaphamaparvovirus sp.,0
Chaphamaparvovirus strigiform1,GCF_029885625.1
Chapparvovirus sp.,GCA_031176495.1
Charcot virus,0
Chatham orthoreovirus,GCA_031528425.1
Chestnut teal aalivirus,0
Chestnut teal astrovirus,0
Chestnut teal chaphamaparvovirus,0
Chestnut teal chaphamaparvovirus 1,GCF_029885285.1
Chestnut teal chaphamaparvovirus 2,GCF_029885295.1
Chestnut teal chaphamaparvovirus 3,GCF_029885305.1
Chestnut teal megrivirus,0
Chestnut teal sicinivirus-like virus,0
Chicken associated smacovirus,GCF_003963755.1
Chicken astrovirus,GCF_000852205.1
Chicken astrovirus 2,0
Chicken chapparvovirus 1,0
Chicken circovirus 2,GCA_031201085.1
Chicken circovirus 3,0
Chicken circovirus 4,GCA_031198535.1
Chicken circovirus 5,GCA_031198515.1
Chicken circovirus SDWF,GCA_031185315.1
Chicken cyclovirus mg4_1122,GCA_031200465.1
Chicken cyclovirus mg5_2967,GCA_031200475.1
Chicken cyclovirus mg7_102,GCA_031200485.1
Chicken enteric coronavirus,0
Chicken gallivirus 1,0
Chicken genomovirus,
Chicken genomovirus mg2_274u,GCA_031200365.1
Chicken genomovirus mg2_75,GCA_031200375.1
Chicken genomovirus mg2_77,GCA_031200385.1
Chicken genomovirus mg4_1107,GCA_031200395.1
Chicken genomovirus mg4_1196,GCA_031200405.1
Chicken genomovirus mg4_1210,GCA_031200415.1
Chicken genomovirus mg4_1259,GCA_031200425.1
Chicken genomovirus mg7_70,GCA_031200435.1
Chicken genomovirus mg7_74,GCA_031200445.1
Chicken genomovirus mg8_416,GCA_031200455.1
Chicken parvovirus 109/HRV/2009,0
Chicken parvovirus 347/HUN/2008,0
Chicken parvovirus 348/HUN/2008,0
Chicken parvovirus 399/HRV/2010,0
Chicken parvovirus 404/HRV/2010,0
Chicken parvovirus 458/HRV/2010,0
Chicken parvovirus 478/HRV/2010,0
Chicken parvovirus 528/HUN/2009,0
Chicken parvovirus 5B8/2009,0
Chicken parvovirus 92/HRV/2009,0
Chicken parvovirus A1/HUN/2009,0
Chicken parvovirus ABU/HUN/2009,0
Chicken parvovirus B1/HUN/2009,0
Chicken parvovirus Ch1514/2007/HUN,0
Chicken parvovirus Ch1515/2007/HUN,0
Chicken parvovirus Ch189/2009/HUN,0
Chicken parvovirus Ch538/2009/HUN,0
Chicken parvovirus Ch5596_10/2010/HUN,0
Chicken parvovirus Ch5596_13/2010/HUN,0
Chicken parvovirus Ch5596_18/2010/HUN,0
Chicken parvovirus Ch5596_7/2010/HUN,0
Chicken parvovirus Ch841_3/2009/HUN,0
Chicken parvovirus Ch852/2009/HUN,0
Chicken parvovirus Ch_114_10,0
Chicken parvovirus Cro/Glog/2010,0
Chicken picobirnavirus,GCF_004117635.1
Chicken picornavirus,0
Chicken picornavirus 1,GCF_000923455.1
Chicken picornavirus 4,GCF_000922415.1
Chicken picornavirus HK-2014,0
Chicken picornavirus UCC13,0
Chicken proventricular necrosis virus,0
Chicken proventriculitis virus,0
Chicken proventriculitis-associated circular virus 1,GCA_031268925.1
Chicken proventriculitis-associated circular virus 10,GCA_031269125.1
Chicken proventriculitis-associated circular virus 11,GCA_031269185.1
Chicken proventriculitis-associated circular virus 12,0
Chicken proventriculitis-associated circular virus 14,GCA_031269325.1
Chicken proventriculitis-associated circular virus 15,GCA_031269375.1
Chicken proventriculitis-associated circular virus 16,GCA_031269445.1
Chicken proventriculitis-associated circular virus 17,GCA_031269455.1
Chicken proventriculitis-associated circular virus 18,GCA_031269495.1
Chicken proventriculitis-associated circular virus 19,GCA_031269555.1
Chicken proventriculitis-associated circular virus 2,GCA_031268945.1
Chicken proventriculitis-associated circular virus 20,GCA_031269585.1
Chicken proventriculitis-associated circular virus 21,GCA_031269625.1
Chicken proventriculitis-associated circular virus 22,GCA_031269695.1
Chicken proventriculitis-associated circular virus 23,GCA_031269715.1
Chicken proventriculitis-associated circular virus 24,GCA_031269745.1
Chicken proventriculitis-associated circular virus 26,GCA_031269805.1
Chicken proventriculitis-associated circular virus 27,GCA_031269835.1
Chicken proventriculitis-associated circular virus 28,GCA_031269855.1
Chicken proventriculitis-associated circular virus 29,GCA_031269885.1
Chicken proventriculitis-associated circular virus 3,GCA_031269005.1
Chicken proventriculitis-associated circular virus 30,GCA_031269975.1
Chicken proventriculitis-associated circular virus 4,GCA_031269055.1
Chicken proventriculitis-associated circular virus 5,GCA_031269085.1
Chicken proventriculitis-associated circular virus 7,GCA_031269215.1
Chicken proventriculitis-associated circular virus 8,GCA_031269265.1
Chicken proventriculitis-associated circular virus 9,GCA_031269305.1
Chicken smacovirus mg2_55,GCA_031200495.1
Chicken smacovirus mg5_1444,GCA_031200505.1
Chicken smacovirus mg6_1052,GCA_031200515.1
Chicken smacovirus mg7_57,GCA_031200525.1
Chicken smacovirus mg8_345,GCA_031200595.1
Chicken stool associated circular virus 1,GCF_003729875.1
Chicken stool associated circular virus 2,GCF_003729855.1
Chicken stool-associated circular virus,GCF_001968175.1
Chicken virus mg4_1578,GCA_031200215.1
Chicken virus mg4_2302,GCA_031200225.1
Chicken virus mg4_280,GCA_031200255.1
Chicken virus mg4_657,GCA_031200265.1
Chicken virus mg5_1345,GCA_031200275.1
Chicken virus mg5_2197,GCA_031200285.1
Chicken virus mg5_2676,GCA_031200295.1
Chicken virus mg6_1197,GCA_031200305.1
Chicken virus mg6_2056,GCA_031200315.1
Chicken virus mg7_41u,GCA_031200325.1
Chicken virus mg7_59,GCA_031200335.1
Chicken virus mg8_273,GCA_031200345.1
Chicken virus mg8_324,GCA_031200355.1
Chimeric virus 14,GCF_001021315.1
Chimney swift adenovirus 1,0
Chinstrap penguin adenovirus 1,0
Chinstrap penguin adenovirus 3,0
Chinstrap penguin adenovirus 4,0
Chinstrap penguin adenovirus 5,0
Chinstrap penguin adenovirus 6,0
Chinstrap penguin adenovirus 7,0
Chinstrap penguin adenovirus 8,0
Chloris chloris herpesvirus,0
Christensen virus,0
Chrysolophus pictus CRESS-DNA-virus sp.,0
Chrysolophuspictus parvoviridae sp.,0
Chuviridae sp.,0
Ciconia boyciana CRESS-DNA-virus sp.,0
Ciconia boyciana Circoviridae sp.,0
Ciconia boyciana parvo-like hybrid virus,0
Ciconia boyciana parvoviridae sp.,0
Ciconiid herpesvirus 1,0
Circoviridae TaCV1,GCA_003389855.1
Circoviridae TaCV2,GCA_003389875.1
Circoviridae sp.,GCF_003656925.1
Circovirus NG_chicken17,0
Circovirus NG_chicken20,0
Circovirus NG_chicken21,0
Circovirus NG_chicken25,0
Circovirus NG_chicken33,0
Circovirus NG_chicken38,0
Circovirus NG_chicken39,0
Circovirus NG_chicken5,0
Circovirus canary,GCF_000846785.1
Circovirus duck,GCF_000864045.1
Circovirus finch,GCF_000869525.1
Circovirus goose,GCF_000837325.1
Circovirus gull,GCF_000870205.1
Circovirus parrot,
Circovirus penguin,GCF_018587745.1
Circovirus pigeon,GCF_000843885.1
Circovirus raven,GCF_000869425.1
Circovirus sp.,GCA_004043995.1
Circovirus starling,GCF_000868125.1
Circovirus swan,GCF_000925255.1
Circovirus zebrafinch,GCF_000989035.1
Coelho virus,0
Columba livia papillomavirus 1,0
Columba palumbus herpesvirus,0
Comazfec virus 1,0
Comazfec virus 10,0
Comazfec virus 11,0
Comazfec virus 12,0
Comazfec virus 13,0
Comazfec virus 14,0
Comazfec virus 15,0
Comazfec virus 16,0
Comazfec virus 17,0
Comazfec virus 2,0
Comazfec virus 3,0
Comazfec virus 4,0
Comazfec virus 5,0
Comazfec virus 6,0
Comazfec virus 7,0
Comazfec virus 8,0
Comazfec virus 9,0
Common blackbird circovirus,
Common bullfinch circovirus,
Common buzzard alphaherpesvirus,0
Common crossbill circovirus,
Common grenadier circovirus,
Common moorhen coronavirus HKU21,GCF_000896895.1
Common starling circovirus,
Condorpox virus,0
Cook virus,0
Cooks petrelpox virus,0
Cooper virus,0
Cope virus,0
Coronavirus Anas/p42/2005/GBR,0
Coronavirus Anas/p71/2005/GBR,0
Coronavirus HKU15,
Coronavirus PREDICT_CoV-100,0
Coronavirus oystercatcher/p17/2006/GBR,0
Coronavirus red knot/p60/2006/GBR,0
Corvid orthoreovirus,GCA_031528435.1
Corvus cornix herpesvirus,0
Corvus corone cornix 2002 orthoreovirus,0
Corvus monedula herpesvirus,0
Crahelivirus A,0
Cressdnaviricota sp.,GCF_023141935.1
Cressvirus meleagris1922,0
Cressvirus meleagris952,0
Crow astrovirus,0
Crow circovirus,
Crowpox virus,GCA_031314235.1
Crucivirus sp.,GCA_031190105.1
Culex negev-like virus 3,GCA_036852075.1
Cyanistes caeruleus herpesvirus,0
Cyanopica cyanus CRESS-DNA-virus sp.,0
Cyanopica cyanus parvoviridae sp.,0
Cyanoramphus nest associated circular K DNA virus,GCF_000918055.1
Cyanoramphus nest associated circular X DNA virus,GCF_000919075.1
Cyclovirus NG_chicken11,0
Cyclovirus NG_chicken12,0
Cyclovirus NG_chicken13,0
Cyclovirus NG_chicken14,0
Cyclovirus NG_chicken15,0
Cyclovirus NG_chicken16,0
Cyclovirus NG_chicken18,0
Cyclovirus NG_chicken19,0
Cyclovirus NG_chicken2,0
Cyclovirus NG_chicken22,0
Cyclovirus NG_chicken23,0
Cyclovirus NG_chicken24,0
Cyclovirus NG_chicken26,0
Cyclovirus NG_chicken3,0
Cyclovirus NG_chicken31,0
Cyclovirus NG_chicken32,0
Cyclovirus NG_chicken36,0
Cyclovirus NG_chicken37,0
Cyclovirus NG_chicken6,0
Cyclovirus NG_chicken7,0
Cyclovirus NG_chicken8,0
Cyclovirus NG_chicken9,0
Cyclovirus adie,GCF_002819905.1
Cyclovirus cervienka,GCF_029886325.1
Cyclovirus kacsa,GCF_002194385.1
Cyclovirus liepsnele,GCF_029886335.1
Cyclovirus naahoohai,GCF_004133245.1
Cyclovirus nhanloai,
Cyclovirus pettirosso,GCF_029886285.1
Cyclovirus prihor,GCF_029886315.1
Cyclovirus punarinta,GCF_029886295.1
Cyclovirus rudzik,GCF_029886305.1
Cyclovirus totoi,GCF_029886275.1
Cygnet River virus,0
Cygnus atratus CRESS-DNA-virus sp.,0
Cygnus atratus Chaphamaparvovirus,0
Cygnus atratus parvoviridae sp.,0
Cygnus columbianus CRESS-DNA-virus sp.,0
Cygnus columbianus Chaphamaparvovirus,0
Cygnus columbianus parvo-like hybrid virus,0
Cygnus columbianus parvoviridae sp.,0
Cyvirus cyprinidallo3,
Dalvirus anatis,0
Davis virus,0
Deltacoronavirus B04,0
Deltacoronavirus B07,0
Deltacoronavirus HNU1-1,GCA_031243005.1
Deltacoronavirus HNU1-2,GCA_031243015.1
Deltacoronavirus HNU2,GCA_031243035.1
Deltacoronavirus HNU3,GCA_031243025.1
Deltacoronavirus sp.,GCA_031163155.1
Dendrocopos leucotos CRESS-DNA-virus sp.,0
Dendrocopos leucotos Chaphamaparvovirus,0
Dendrocopos leucotos parvoviridae sp.,0
Dependoparvovirus anseriform1,GCF_000845505.1
Dependoparvovirus avian1,GCF_029884995.1
Dependoparvovirus avian2,0
Dependoparvovirus sp.,0
Dnistrovskyi 408 orbivirus,0
Drake virus,0
Dralkin virus,0
Driatsky virus,0
Dryglaski virus,0
Dubrovin virus,0
Duck adeno-associated virus,0
Duck adenovirus,0
Duck adenovirus 4,0
Duck associated circular virus VC9,0
Duck astrovirus 3,0
Duck astrovirus CPH,GCA_031160965.1
Duck astrovirus GII.A,GCF_000883675.1
Duck atadenovirus A,GCF_000845945.1
Duck aviadenovirus,0
Duck aviadenovirus B,GCF_000923915.1
Duck calicivirus,0
Duck calicivirus 2,GCA_031192985.1
Duck circovirus 3,GCA_031321665.1
Duck coronavirus 2714,0
Duck faeces associated circular DNA virus 1,GCF_001646015.1
Duck faeces associated circular DNA virus 2,GCF_001646195.1
Duck faeces associated circular DNA virus 3,GCF_001646395.1
Duck flavivirus Anhui/2010,0
Duck flavivirus strain YY5,0
Duck genomovirus VC16,0
Duck genomovirus VC17,0
Duck hemorrhagic ovaritis virus,0
Duck hepacivirus,0
Duck hepatitis B virus,GCF_000844545.1
Duck hepatitis virus 3,0
Duck hepatitis virus AP,0
Duck infectious anemia virus,GCA_031155845.1
Duck papillomavirus,0
Duck papillomavirus 3,GCA_031189275.1
Duck parvovirus NM100,GCA_031164375.1
Duck parvovirus NM4,GCA_031165915.1
Duck picornavirus,0
Duck picornavirus duck/FC22/China/2017,GCA_031192865.1
Duck rhabdovirus,0
Duck sapelovirus,0
Duck ssDNA virus,GCA_031236235.1
Duck-associated chapparvovirus,0
Duck-dominant coronavirus,0
Dundee virus,0
Durnavirales sp.,0
Eagle poxvirus,0
Eastern equine encephalitis virus,GCF_000862705.1
Ellsworth virus,0
Emberiza chrysophrys CRESS-DNA-virus sp.,0
Emberiza chrysophrys parvoviridae sp.,0
Emberiza cioides CRESS-DNA-virus sp.,0
Emberiza elegans CRESS-DNA-virus sp.,0
Emberiza pusilla Chaphamaparvovirus,0
Emberiza pusilla parvo-like hybrid virus,0
Emberiza pusilla parvoviridae sp.,0
Emberiza rustica CRESS-DNA-virus sp.,0
Emberiza rustica Genomoviridae sp.,0
Emberiza rustica parvoviridae sp.,0
Emberiza spodocephala CRESS-DNA-virus sp.,0
Emberiza spodocephala Genomoviridae sp.,0
Emberiza spodocephala parvoviridae sp.,0
Emberiza tristrami CRESS-DNA-virus sp.,0
Emberiza tristrami Genomoviridae sp.,0
Emberiza tristrami parvoviridae sp.,0
Enquatrovirus sp.,0
Enterovirus F,GCF_000907315.1
Estrildidae adenovirus 1,0
Estrildidae adenovirus 2,0
Etapapillomavirus 1,GCF_000841045.1
Eurasian blackcap circovirus,
Eurasian jay circovirus,
Eurasian oystercatcher coronavirus,0
European bee-eater circovirus,GCA_031310625.1
European goldfinch circovirus,
European roller astrovirus,GCA_031190065.1
Faeces associated gemycircularvirus 1,
Falco tinnunculus herpesvirus,0
Falcon aviadenovirus A,GCA_022338145.1
Falcon coronavirus UAE-HKU27,GCA_031171215.1
Falcon picornavirus,GCF_002355005.1
Farmington virus,GCF_000926315.1
Feral pigeon astrovirus,0
Ficedula mugimaki CRESS-DNA-virus sp.,0
Ficedula mugimaki parvoviridae sp.,0
Ficedula parva CRESS-DNA-virus sp.,0
Ficedula parva parvoviridae sp.,0
Filchner virus,0
Finch poxvirus,GCA_031311155.1
Finchpox virus,0
Flamingopox virus,0
Flamingopox virus FGPVKD09,GCF_002889855.1
Flavivirus CJD05/CHN/2010,0
Flavivirus duck/SD/CHN/2010,0
Flavivirus strain CJD05,0
Foot-and-mouth disease virus,
Fort Morgan virus,GCF_000885435.1
Fowl adenovirus,GCA_009372355.1
Fowl adenovirus 12,0
Fowl adenovirus HR1,0
Fowl adenovirus HR2,0
Fowl adenovirus HR3,0
Fowl adenovirus HR4,0
Fowl aviadenovirus A,GCF_000845105.1
Fowl aviadenovirus B,GCF_000907375.1
Fowl aviadenovirus C,GCF_000890915.1
Fowl aviadenovirus D,GCF_000844285.1
Fowl aviadenovirus E,GCF_002817995.1
Fowl aviadenovirus sp.,0
Fowlpox virus,GCF_000838605.1
Fregata magnificens alphaherpesvirus 1,0
Fregata magnificens herpesvirus,0
French Guiana picornavirus,GCA_031239545.1
French Guiana reovirus,0
Fringilla montifringilla CRESS-DNA-virus sp.,0
Fringilla montifringilla Chaphamaparvovirus,0
Fringilla montifringilla Circoviridae sp.,0
Fringilla montifringilla Genomoviridae sp.,0
Fringilla montifringilla parvoviridae sp.,0
Fuchs virus,0
Gallid herpesvirus,0
Galliform chaphamaparvovirus 10,GCA_031311165.1
Galliform chaphamaparvovirus 11,GCA_031311175.1
Galliform chaphamaparvovirus 12,GCA_031311185.1
Galliform chaphamaparvovirus 13,GCA_031311195.1
Galliform chaphamaparvovirus 14,GCA_031311205.1
Galliform chaphamaparvovirus 15,GCA_031311215.1
Galliform chaphamaparvovirus 16,GCA_031311225.1
Galliform chaphamaparvovirus 17,GCA_031311235.1
Galliform chaphamaparvovirus 6,GCA_031311245.1
Galliform chaphamaparvovirus 7,GCA_031311255.1
Galliform chaphamaparvovirus 8,GCA_031311265.1
Galliform chaphamaparvovirus 9,GCA_031311275.1
Gallivirus A,GCF_000924095.1
Gallivirus Pf-CHK1/GV,GCF_001500755.1
Gallivirus sp.,0
Gammacoronavirus sp.,0
Gammapolyomavirus anseris,
Gammapolyomavirus avis,
Gammapolyomavirus corvi,GCF_000868965.1
Gammapolyomavirus cratorquatus,GCF_000914155.1
Gammapolyomavirus egouldiae,GCF_003033365.1
Gammapolyomavirus lonmaja,GCF_003033375.1
Gammapolyomavirus padeliae,GCF_000930155.1
Gammapolyomavirus pypyrrhula,GCF_000864605.1
Gammapolyomavirus secanaria,GCF_000896095.1
Garrulus glandarius associated circular virus 1,GCF_002219445.1
Garrulus glandarius parvoviridae sp.,0
Gaviid herpesvirus 1,0
Gemycircularvirus blabi1,
Gemycircularvirus chicas1,GCF_001646115.1
Gemycircularvirus chicas2,GCF_001646335.1
Gemycircularvirus chickad1,GCF_001273685.1
Gemycircularvirus furse1,
Gemycircularvirus geras1,GCF_000928755.1
Gemycircularvirus geras2,GCF_000929795.1
Gemycircularvirus geras3,GCF_000927875.1
Gemycircularvirus malas1,GCF_000927855.1
Gemycircularvirus sp.,GCF_003848605.1
Gemygorvirus malas1,GCF_001646535.1
Gemygorvirus stara1,GCF_000930475.1
Gemykibivirus blabi1,GCF_000927915.1
Gemykibivirus blaro1,GCF_000928815.1
Gemykibivirus galga1,GCF_018589205.1
Gemykibivirus galga2,GCF_018589245.1
Gemykibivirus galga3,GCF_018589115.1
Gemykibivirus sewopo1,GCF_001646055.1
Gemykrogvirus galga1,GCF_018589195.1
Gemykrogvirus galga2,GCF_001967675.1
Gemykrogvirus galga3,GCF_018589075.1
Gemykrogvirus galga4,GCF_018589215.1
Gemykrogvirus galga5,GCF_018589065.1
Gemytondvirus ostri1,GCF_000928795.1
Genomoviridae sp.,GCF_018591135.1
Gentoo penguin virus,0
Gerritsz virus,0
Ghabrivirales sp.,0
Goose adenovirus 5,0
Goose adenovirus Y81G4,0
Goose astrovirus,GCF_002146085.1
Goose astrovirus 1,GCA_031301795.1
Goose astrovirus 2,GCA_031242835.1
Goose aviadenovirus A,GCF_000897155.1
Goose calicivirus,GCF_000920715.1
Goose parvovirus SDDY21,0
Goose parvovirus SDJN21,0
Goose parvovirus SDWF22,0
Goose pegivirus 1,GCA_031250005.1
Goose pegivirus 2,GCA_031250015.1
Goose-dominant Coronavirus,0
Gouldian finch adenovirus 1,0
Gouldian finch circovirus,0
Great tit siadenovirus A,GCF_002925555.1
Grey teal calicivirus,0
Grey teal chaphamaparvovirus,0
Grey teal gyrovirus,0
Grey teal parvovirus,0
Grey teal picobirnavirus X,0
Grey teal picobirnavirus Z,0
Grey teal picobirnavirus y,0
Griffon vulture papillomavirus,0
Gruhelivirus A,GCF_013087255.1
Grus japonensis CRESS-DNA-virus sp.,0
Grus japonensis Chaphamaparvovirus,0
Grus japonensis parvo-like hybrid virus,0
Grus japonensis parvoviridae sp.,0
Grus monacha CRESS-DNA-virus sp.,0
Grus nigricollis-associatied genomovirus,0
Grusopivirus A,GCF_003390015.1
Grusopivirus B,GCF_003390035.1
Grusopivirus C,GCF_004995665.1
Grusopivirus sp.,0
Guinea fowl astrovirus,0
Guinea fowl circovirus,0
Guinea fowl picornavirus,GCA_031243325.1
Gull adenovirus,0
Gull coronavirus,0
Gull metapneumovirus,GCA_031192995.1
Gull papillomavirus 1,GCA_031189325.1
Gull papillomavirus 2,0
Gull papillomavirus 3,0
Gyrovirus 10,GCA_003260835.1
Gyrovirus 2126_10,0
Gyrovirus 2316_26,0
Gyrovirus 2316_32,0
Gyrovirus 2885_18H,0
Gyrovirus 2885_18K,0
Gyrovirus 2885_18L,0
Gyrovirus 3,GCA_031191135.1
Gyrovirus 6,GCA_031191145.1
Gyrovirus 9,GCA_031236225.1
Gyrovirus VC5,0
Gyrovirus VC7,0
Gyrovirus chickenanemia,
Gyrovirus fulgla1,GCF_001045285.1
Gyrovirus galga1,GCF_000891935.1
Gyrovirus homsa1,
Gyrovirus homsa2,
Gyrovirus homsa3,
Gyrovirus hydho1,GCF_004134085.1
Gyrovirus myferr1,GCF_018583945.1
Halley virus,0
Halvorsen virus,0
Hapavirus flanders,GCF_002815595.1
Hapavirus landjia,GCF_002146145.1
Harkavirus A,GCF_000981755.1
Hawaiian goose poxvirus,0
Hawfinch circovirus,
Hedwig virus,0
Hepacivirus Q,GCA_031315615.1
Hepacivirus sp.,GCA_031173525.1
Hepatitis B virus,GCF_003033055.1
Hepatitis E virus,0
Hepeviridae sp.,0
Heron hepatitis B virus,GCF_000861965.1
Herpesvirus eupittula14478,0
Herpesvirus goose/GAV08/Poland/2008,0
Highlands J virus,GCF_000881255.1
Hilary virus,0
Houbara coronavirus UAE-HKU28,GCA_031171225.1
Huchismacovirus chicas1,GCF_003033445.1
Huchismacovirus chicas2,GCF_003033465.1
Huchismacovirus sp.,GCA_031242685.1
Human mastadenovirus F,GCF_000846685.1
IC4 retrovirus,0
Iltovirus gallidalpha1,GCF_008787145.1
Iltovirus psittacidalpha1,GCF_000840765.1
Iltovirus psittacidalpha5,GCF_029884945.1
JDV virus,0
Java sparrow circovirus,
Jingmen ascaridia virus 1,0
Jingmen birna-like virus,0
Jingmen bunya-like virus 1,0
Jingmen picobirna-like virus 1,0
Jingmen picorna-like virus,GCF_001961255.1
Jingmen tombus-like virus 1,GCF_002008755.1
Jingmen tombus-like virus 2,GCF_002004055.1
Jingmen toti-like virus 1,0
Justusliebigvirus phi92,
Kagge virus,0
Kammavanpettai virus,0
Kannamangalam virus,0
Kedah fatal kidney syndrome virus,0
Kestrel picornavirus,0
Ketchum virus,0
Khabarov virus,0
Khurdivirus volgaense,GCF_023156525.1
Kittiwake papillomavirus 1,0
Kittiwake papillomavirus 2,GCA_031189345.1
Kittiwake papillomavirus 3,0
Kittiwake papillomavirus 4,0
Kittiwake papillomavirus 5,0
Kittiwake papillomavirus 6,0
Kittiwake papillomavirus 7,0
Kornilov virus,0
Korotkevich virus,0
Krenkel virus,0
Kunsagivirus A,GCF_002817165.1
Kyst virus,0
Lambdatorquevirus phoci5,
Lanius cristatus parvoviridae sp.,0
Larsen virus,0
Larus argentatus herpesvirus,0
Larus ridibundus coronavirus,0
Lavender waxbill polyomavirus,
Lawrence virus,0
Lazarev virus,0
Leucosticte brandti pegivirus,GCA_031246675.1
Little bittern circovirus,GCA_031310635.1
Loch Leven virus,0
Lonchura striata deltavirus,GCA_031232885.1
Lophura nycthemera aveparvovirus,0
Lophura nycthemera parvoviridae sp.,0
Ludopivirus A,GCF_004131145.1
Luncke virus,0
Luscinia calliope CRESS-DNA-virus sp.,0
Luscinia cyane CRESS-DNA-virus sp.,0
Luscinia cyane Chaphamaparvovirus,0
Luscinia cyane Ichthamaparvovirus,0
Luscinia cyane parvoviridae sp.,0
Luscinia sibilans CRESS-DNA-virus sp.,0
Luscinia sibilans parvo-like hybrid virus,0
Luscinia sibilans parvoviridae sp.,0
Luteoviridae sp.,0
Lymphoproliferative disease virus,GCA_031102365.1
Lyssavirus australis,GCF_000850325.1
Lyssavirus rabies,GCF_000859625.1
MLV-related retrovirus,0
Magellan virus,0
Magpie circovirus,
Magpie hepacivirus,0
Magpie-robin coronavirus HKU18,GCF_000894435.1
Magpiepox virus,GCA_031198355.1
Magpiepox virus 2,GCA_031268825.1
Maksutov virus,0
Malazfec virus 1,GCA_036760835.1
Malazfec virus 10,0
Malazfec virus 11,0
Malazfec virus 12,0
Malazfec virus 13,0
Malazfec virus 14,0
Malazfec virus 15,0
Malazfec virus 16,0
Malazfec virus 17,0
Malazfec virus 18,0
Malazfec virus 19,0
Malazfec virus 20,0
Malazfec virus 21,0
Malazfec virus 22,0
Malazfec virus 23,0
Malazfec virus 24,0
Malazfec virus 25,0
Malazfec virus 9,0
Marcaroli circovirus,0
Mardivirus anatidalpha1,GCF_000885795.1
Mardivirus columbidalpha1,GCF_002116095.1
Mardivirus gallidalpha2,GCF_000846265.1
Mardivirus gallidalpha3,GCF_008792185.1
Mardivirus meleagridalpha1,GCF_000839725.1
Mardivirus spheniscidalpha1,GCF_001974335.1
Marr virus,0
Mason Creek virus,0
Mawson virus,0
Mayaro virus,GCF_000863385.1
Maypo virus,0
Megrivirus A,GCF_002008395.1
Megrivirus B,GCF_003028975.1
Megrivirus C,GCF_003029035.1
Megrivirus D,GCF_002184175.1
Megrivirus E,GCF_003029615.1
Megrivirus sp.,GCA_031242715.1
Meldvirus gallus11737,0
Meleagrid alphaherpesvirus 2,0
Melegrivirus A,GCF_000917935.1
Mella virus,0
Metaavulavirus delawarense,GCF_002815215.1
Metaavulavirus falklandense,GCF_002080355.1
Metaavulavirus galliense,GCF_000924755.1
Metaavulavirus hongkongense,GCF_002815195.1
Metaavulavirus japanense,GCF_003032665.1
Metaavulavirus kazakhstanense,GCF_004130815.1
Metaavulavirus kunitachiense,GCF_000924655.1
Metaavulavirus peixense,GCF_002197575.1
Metaavulavirus sp.,0
Metaavulavirus taiwanense,
Metaavulavirus tennessense,GCF_000926535.1
Metaavulavirus yucaipaense,GCF_002989675.1
Metapneumovirus avis,
Microbacterium phage P8_2022_SA,0
Middelburg virus,GCF_000921735.1
Montifringilla taczanowskii coronavirus N,0
Montifringilla taczanowskii pegivirus,GCA_031246695.1
Morbillivirus canis,
Mosavirus A,GCF_000918135.1
Motacilla cinerea CRESS-DNA-virus sp.,0
Motacilla cinerea Circoviridae sp.,0
Motacilla cinerea parvo-like hybrid virus,0
Motacilla cinerea parvoviridae sp.,0
Mott virus,0
Mudlarkpox virus,GCA_031242895.1
Munia coronavirus HKU13,GCF_000880835.1
Murine mastadenovirus B,
Muscicapa latirostris CRESS-DNA-virus sp.,0
Mute swan associated circo-like virus,0
Mute swan feces associated avastrovius 1,0
Mute swan feces associated avastrovius 2,0
Mute swan feces associated aveparvovirus,0
Mute swan feces associated avihepatovirus,0
Mute swan feces associated calicivirus,0
Mute swan feces associated chapparvovirus 1,0
Mute swan feces associated chapparvovirus 2,0
Mute swan feces associated chapparvovirus 3,0
Mute swan feces associated chapparvovirus 4,0
Mute swan feces associated chapparvovirus 5,0
Mute swan feces associated chapparvovirus 6,0
Mute swan feces associated circular virus 1,0
Mute swan feces associated circular virus 10,0
Mute swan feces associated circular virus 11,0
Mute swan feces associated circular virus 12,0
Mute swan feces associated circular virus 13,0
Mute swan feces associated circular virus 14,0
Mute swan feces associated circular virus 15,0
Mute swan feces associated circular virus 16,0
Mute swan feces associated circular virus 17,0
Mute swan feces associated circular virus 2,0
Mute swan feces associated circular virus 3,0
Mute swan feces associated circular virus 4,0
Mute swan feces associated circular virus 5,0
Mute swan feces associated circular virus 6,0
Mute swan feces associated circular virus 7,0
Mute swan feces associated circular virus 8,0
Mute swan feces associated circular virus 9,0
Mute swan feces associated gammacoronavirus,0
Mute swan feces associated gemycircularvirus 1,0
Mute swan feces associated hepatovirus 1,0
Mute swan feces associated hepatovirus 2,0
Mute swan feces associated hepatovirus 3,0
Mute swan feces associated hepatovirus 4,0
Mute swan feces associated noda-like virus 1,0
Mute swan feces associated noda-like virus 2,0
Mute swan feces associated noda-like virus 3,0
Mute swan feces associated noda-like virus 4,0
Mute swan feces associated noda-like virus 5,0
Mute swan feces associated noda-like virus 6,0
Mute swan feces associated noda-like virus 7,0
Mute swan feces associated noda-like virus 8,0
Mute swan feces associated noda-like virus 9,0
Mute swan feces associated partitiviridae 1,0
Mute swan feces associated partitiviridae A,0
Mute swan feces associated partitiviridae B,0
Mute swan feces associated partitiviridae C,0
Mute swan feces associated partitiviridae D,0
Mute swan feces associated partitiviridae E,0
Mute swan feces associated partitiviridae F,0
Mute swan feces associated partitiviridae G,0
Mute swan feces associated partitiviridae H,0
Mute swan feces associated partitiviridae I,0
Mute swan feces associated partitiviridae J,0
Mute swan feces associated partitiviridae K,0
Mute swan feces associated partitiviridae L,0
Mute swan feces associated partitiviridae M,0
Mute swan feces associated partitiviridae N,0
Mute swan feces associated partitiviridae O,0
Mute swan feces associated picobirnavirus 1,0
Mute swan feces associated picobirnavirus 2,0
Mute swan feces associated picobirnavirus 3,0
Mute swan feces associated picobirnavirus A,0
Mute swan feces associated picobirnavirus B,0
Mute swan feces associated picorna-like virus 1,0
Mute swan feces associated picorna-like virus 10,0
Mute swan feces associated picorna-like virus 11,0
Mute swan feces associated picorna-like virus 12,0
Mute swan feces associated picorna-like virus 13,0
Mute swan feces associated picorna-like virus 14,0
Mute swan feces associated picorna-like virus 15,0
Mute swan feces associated picorna-like virus 16,0
Mute swan feces associated picorna-like virus 17,0
Mute swan feces associated picorna-like virus 18,0
Mute swan feces associated picorna-like virus 19,0
Mute swan feces associated picorna-like virus 2,0
Mute swan feces associated picorna-like virus 20,0
Mute swan feces associated picorna-like virus 21,0
Mute swan feces associated picorna-like virus 22,0
Mute swan feces associated picorna-like virus 23,0
Mute swan feces associated picorna-like virus 24,0
Mute swan feces associated picorna-like virus 25,0
Mute swan feces associated picorna-like virus 26,0
Mute swan feces associated picorna-like virus 27,0
Mute swan feces associated picorna-like virus 28,0
Mute swan feces associated picorna-like virus 29,0
Mute swan feces associated picorna-like virus 3,0
Mute swan feces associated picorna-like virus 4,0
Mute swan feces associated picorna-like virus 5,0
Mute swan feces associated picorna-like virus 6,0
Mute swan feces associated picorna-like virus 7,0
Mute swan feces associated picorna-like virus 8,0
Mute swan feces associated picorna-like virus 9,0
Mute swan feces associated sapelovirus 1,0
Mute swan feces associated sapelovirus 2,0
Mute swan feces associated sapelovirus 3,0
Mute swan feces associated toti-like virus 1,0
Mute swan feces associated toti-like virus 2,0
Mute swan feces associated toti-like virus 3,0
Myna aviadenovirus,0
Myna calicivirus,0
Myna chaphamaparvovirus,0
Myna hepatovirus,0
Myna siadenovirus,0
Mynah circovirus,
Nacovirus A,GCF_004786995.1
Nandayus nenday CRESS-DNA-virus sp.,0
Nandayus nenday Chaphamaparvovirus,0
Nandayus nenday parvoviridae sp.,0
Nauglamirvirus anduin,GCF_023131745.1
Navarro virus,0
Neoavian orthoreovirus,
Neotropic cormorant aviadenovirus,0
Neotropic cormorant herpesvirus,0
Netherby virus,0
Neva virus,0
Night heron coronavirus HKU19,GCF_000896035.1
Nodaviridae sp.,GCA_030027915.1
Nordenskjold virus,0
Norwalk virus,
Nyavirus nyamaniniense,GCF_000882955.1
Nyavirus sanjacintoense,GCF_018587265.1
Nyavirus somateriae,GCF_023131265.1
O'Leary virus,0
Oates virus,0
Onychoprion fuscatus alphaherpesvirus 1,0
Oriental turtle dovepox virus,0
Oriolus adenovirus,0
Orivirus A,GCF_000926835.1
Orthoavulavirus borisense,GCF_003032685.1
Orthoavulavirus italiense,GCF_000927075.1
Orthoavulavirus japanense,GCF_001654405.1
Orthoavulavirus javaense,GCF_002834085.1
Orthoavulavirus kopaiticense,GCF_003032695.1
Orthoavulavirus koreaense,
Orthoavulavirus newyorkense,GCF_000926655.1
Orthoavulavirus oneillense,GCF_003032705.1
Orthoavulavirus sp.,0
Orthoavulavirus upoense,GCF_003032675.1
Orthobornavirus alphapsittaciforme,GCF_002815075.1
Orthobornavirus avisaquaticae,GCF_001589995.2
Orthobornavirus betapsittaciforme,GCF_002815095.1
Orthobornavirus bornaense,
Orthobornavirus estrildidae,GCF_002815055.1
Orthobornavirus serini,GCF_001305565.3
Orthobunyavirus balagoduense,GCF_029887365.1
Orthobunyavirus bataiense,
Orthobunyavirus batamaense,GCF_029887665.1
Orthobunyavirus bobayaense,GCF_029888205.1
Orthobunyavirus bunyamweraense,
Orthobunyavirus gamboaense,
Orthobunyavirus ingwavumaense,GCF_004789635.1
Orthobunyavirus manzanillaense,
Orthobunyavirus matruhense,GCF_009731935.1
Orthobunyavirus mermetense,GCF_004789655.1
Orthobunyavirus sedlecense,GCF_018594955.1
Orthobunyavirus teteense,GCF_002814395.1
Orthobunyavirus thimiriense,GCF_006297945.1
Orthoflavivirus bagazaense,
Orthoflavivirus cacipacoreense,GCF_000954535.1
Orthoflavivirus encephalitidis,
Orthoflavivirus israelense,
Orthoflavivirus japonicum,
Orthoflavivirus louisense,
Orthoflavivirus loupingi,
Orthoflavivirus nilense,
Orthoflavivirus powassanense,
Orthoflavivirus saumarezense,
Orthoflavivirus tembusu,GCF_000894755.1
Orthoflavivirus usutuense,
Orthoflavivirus wesselsbronense,
Orthonairovirus abuhammadense,GCF_014883235.1
Orthonairovirus abuminaense,GCF_014883245.1
Orthonairovirus bushkeyense,
Orthonairovirus tunisense,GCF_004128175.1
Orthoreovirus sp.,0
Oscivirus A,GCF_000887535.1
Ostrekin virus,0
Ostrich orthoreovirus Ost1,0
Ostrich parvovirus,0
Otus scops CRESS-DNA-virus sp.,0
Otus scops parvoviridae sp.,0
Ousland virus,0
Owl adenovirus,GCA_031258635.1
Owl adenovirus Aichi10341,0
Pacific black duck aalivirus,0
Pacific black duck adeno-associated virus,0
Pacific black duck anativirus-like virus,0
Pacific black duck astrovirus,0
Pacific black duck aveparvovirus,0
Pacific black duck aviadenovirus,0
Pacific black duck calicivirus,0
Pacific black duck chaphamaparvovirus,0
Pacific black duck chaphamaparvovirus 1,GCF_029885275.1
Pacific black duck megrivirus,0
Pacific black duck orthoreovirus,0
Pacific black duck sicinivirus-like virus,0
Palmer virus,0
Papillomavirus luscinia7441,0
Papillomavirus numida8051,0
Paraavulavirus hongkongense,GCF_002815175.1
Paraavulavirus wisconsinense,GCF_000927055.1
Paramecium bursaria Chlorella virus,0
Parechovirus B,
Parechovirus E,0
Parrot coronavirus AV71/99,0
Parrot hepatitis B virus,GCF_000895735.1
Partitiviridae sp.,GCA_031323215.1
Parus major parvoviridae sp.,0
Parvoviridae sp.,GCF_003389895.1
Parvovirus AC-2012,0
Parvovirus AH0225,0
Parvovirus NIH-CQV,GCF_000910875.1
Parvovirus USP336-5/Brazil/2009,0
Parvovirus USP336-7/Brazil/2009,0
Parvovirus USP369-D/Brazil/2009,0
Parvovirus USP369-E/Brazil/2009,0
Parvovirus USP371-1/Brazil/2009,0
Parvovirus USP371-4/Brazil/2009,0
Parvovirus USP391-2/Brazil/2009,0
Parvovirus USP400-2B/Brazil/2010,0
Parvovirus USP400-4B/Brazil/2010,0
Parvovirus USP400-8A/Brazil/2010,0
Parvovirus USP400-9A/Brazil/2010,0
Parvovirus anas3568,0
Parvovirus anser6071,0
Parvovirus anser6262,0
Parvovirus anser7324,0
Parvovirus anser7825,0
Parvovirus chalcites3867,0
Parvovirus chrysococcyx3867a,0
Parvovirus emberiza5140,0
Parvovirus emberiza5276,0
Parvovirus emberiza6660,0
Parvovirus emberiza7086,0
Parvovirus grus5099,0
Parvovirus grus5877,0
Parvovirus grus5942,0
Parvovirus laniidae3881,0
Parvovirus lanius6615,0
Parvovirus larvivora5808,0
Parvovirus leiothrix3317,0
Parvovirus leiothrix4587,0
Parvovirus luscinia5410,0
Parvovirus luscinia6815,0
Parvovirus numida6704,0
Parvovirus partridge/PA147/ITA/2008,0
Parvovirus phasianus6595,0
Parvovirus phoenicopterus3947,0
Parvovirus phoenicurus12233s1,0
Parvovirus phoenicurus12233s2,0
Parvovirus phoenicurus4436,0
Parvovirus phylloscopus4927,0
Parvovirus phylloscopus5247,0
Parvovirus phylloscopus5401s1,0
Parvovirus phylloscopus5401s2,0
Parvovirus steptopelia4906,0
Parvovirus steptopelia5095,0
Parvovirus streptopelia4404,0
Parvovirus sylvia4828,0
Parvovirus turdus4154,0
Parvovirus turdus6774,0
Parvovirus zapornia4554,0
Parvovirus zonotrichia4755,0
Paslahepevirus balayani,GCF_023120345.1
Passer domesticus herpesvirus,0
Passer montanus parvoviridae sp.,0
Passer montanus pegivirus,GCA_031246775.1
Passerid herpesvirus 1,0
Passerine adenovirus 1,GCA_031236175.1
Passerine astrovirus 1,GCA_031190705.1
Passerine astrovirus 2,GCA_031190715.1
Passerine astrovirus 3,GCA_031190725.1
Passerine astrovirus 4,GCA_031190735.1
Passerivirus A,GCF_000890055.1
Pavo cristatus CRESS-DNA-virus sp.,0
Pavo cristatus parvo-like hybrid virus,0
Pavo cristatus parvoviridae sp.,0
Pelican hepacivirus,0
Penguin herpesvirus 1,0
Penguin herpesvirus 2,0
Penguin siadenovirus A,GCF_001646375.1
Penguinpox virus,GCF_000923135.1
Penguinpox virus 2,GCA_031242905.1
Periparus ater CRESS-DNA-virus sp.,0
Periparus ater Circoviridae sp.,0
Periparus ater Ichthamaparvovirus,0
Periparus ater parvoviridae sp.,0
Pernambuco mycovirus 1,0
Pernambuco nodavirus,0
Pernambuco virus,0
Petrov virus,0
Phacovirus BY/PhV,0
Phacovirus CAB/PhV,0
Phacovirus DM/PhV,0
Phacovirus GT/PhV,0
Phacovirus NG/PhV,0
Phacovirus TR/PhV,0
Phacovirus VG/PhV,0
Phacovirus sp.,0
Phapecoctavirus TSP7,GCF_018642085.1
Phasianid herpesvirus 1,0
Phasianus chaphamaparvovirus,0
Pheasant-associated gyrovirus,GCA_031310715.1
Phlebovirus arumowotense,
Phlebovirus toscanaense,
Phoenicopterid herpesvirus 1,0
Phoenicopteridae CRESS-DNA-virus sp.,0
Phoenicopteridae parvo-like hybrid virus,0
Phoenicopteridae parvoviridae sp.,0
Phoenicopterus roseus CRESS-DNA-virus sp.,0
Phoenicopterus roseus parvo-like hybrid virus,0
Phoenicurus auroreus CRESS-DNA-virus sp.,0
Phoenicurus auroreus parvoviridae sp.,0
Phylloscopus fuscatus CRESS-DNA-virus sp.,0
Phylloscopus fuscatus Ichthamaparvovirus,0
Phylloscopus fuscatus parvoviridae sp.,0
Phylloscopus inornatus parvoviridae sp.,0
Phylloscopus parvoviridae sp.,0
Phylloscopus proregulus Brevihamaparvovirus,0
Phylloscopus proregulus Ichthamaparvovirus,0
Phylloscopus proregulus parvoviridae sp.,0
Phylloscopus schwarzi parvoviridae sp.,0
Phylloscopus tenellipes CRESS-DNA-virus sp.,0
Picobirnaviridae sp. gcode 3,0
Picobirnavirus GI/PBV/turkey/USA/MN-1/2011,0
Picobirnavirus HK-2014,0
Picobirnavirus sp.,GCF_004117395.1
Picobirnavirus turkey/USA-1507/2010,0
Picobirnavirus turkey/USA-1512/2010,0
Picornavirales sp.,GCF_013086155.1
Picornaviridae sp.,GCF_003389975.1
Picornavirus chicken/CHK1/USA/2010,0
Picornavirus chicken/CHK148/USA/2010,0
Picornavirus chicken/CHK165/USA/2010,0
Picornavirus chicken/CHK168/USA/2010,0
Picornavirus chicken/CHK175/USA/2010,0
Picornavirus turkey/TRK22/USA/2010,0
Picornavirus turkey/TRK24/USA/2010,0
Picornavirus turkey/TRK90/USA/2010,0
Picornavirus turkey/TRK91/USA/2010,0
Pigeon adenovirus,
Pigeon adenovirus 2a,GCA_006436595.1
Pigeon adenovirus 2b,0
Pigeon adenovirus 3,0
Pigeon adenovirus 4,0
Pigeon adenovirus 5,0
Pigeon adenovirus FJ2017,0
Pigeon astrovirus,0
Pigeon aviadenovirus A,GCF_000921315.1
Pigeon aviadenovirus B,GCF_001831345.1
Pigeon coronavirus UAE-HKU29,GCA_031171245.1
Pigeon gyrovirus,GCA_031232875.1
Pigeon parvovirus A,GCF_018580195.1
Pigeon picornavirus A,0
Pigeon picornavirus B,GCF_000892795.1
Pigeon-dominant Coronavirus,0
Pigeonpox virus,GCF_000922075.1
Pileated finch aveparvovirus,GCF_029884085.1
Pin virus,0
Pingu picornavirus,GCF_018583705.1
Pink-eared duck avastrovirus,0
Pink-eared duck calicivirus I,0
Pink-eared duck calicivirus II,0
Pink-eared duck megrivirus,0
Pink-eared duck picobirnavirus,0
Pink-eared duck picornavirus,0
Plum headed parakeet adenovirus 1,0
Podargid alphaherpesvirus 1,0
Poecivirus A,GCF_003085835.1
Poecivirus NOCR-674,0
Poecivirus NOCR-848,0
Poecivirus RBNH-12,0
Poecivirus RBNH-929,0
Poecivirus sp.,0
Poicephalus senegalus papillomavirus,0
Polyomavirus erythrura5304,0
Polyomavirus erythrura5362,0
Polyomavirus odontophorus5057,0
Polyomavirus phylloscopus4708,0
Polyomavirus phylloscopus4853,0
Polyomavirus prunella5215,0
Polyomavirus pteridophora5384,0
Polyomavirus saxicola5252a,0
Polyomavirus sericulus5319,0
Polyomavirus taeniopygia5555,0
Polyomavirus zonotrichia5422,0
Porcine epidemic diarrhea virus,GCF_000848685.1
Porprismacovirus avias1,GCF_018587855.1
Porprismacovirus chicas2,GCF_018589255.1
Porprismacovirus chicas3,GCF_018589375.1
Porprismacovirus chicas4,GCF_018589325.1
Porprismacovirus chicas5,GCF_018589385.1
Porprismacovirus chicas6,GCF_018589355.1
Porprismacovirus chicas7,GCF_018589365.1
Porprismacovirus turas1,GCF_000918075.1
Powell virus,0
Protoparvovirus HK-2014,0
Protoparvovirus Udayana_MDPVA,0
Protoparvovirus Udayana_MDPVB,0
Protoparvovirus sp.,GCA_031166105.1
Prunella montanella CRESS-DNA-virus sp.,0
Prunella montanella Genomoviridae sp.,0
Psittacid alphaherpesvirus 6,0
Psittacid herpesvirus 3,0
Psittacidae CRESS-DNA-virus sp.,0
Psittacidae Chaphamaparvovirus,0
Psittacidae aveparvovirus,0
Psittacidae dependoparvovirus,0
Psittacidae parvo-like hybrid virus,0
Psittacidae parvoviridae sp.,0
Psittaciform aveparvovirus,0
Psittaciform chaphamaparvovirus 3,GCA_031311285.1
Psittaciform chaphamaparvovirus 4,0
Psittaciform chaphamaparvovirus 5,0
Psittaciform chaphamaparvovirus 6,0
Psittaciform parvoviridae sp.,0
Psittacine adenovirus 12,0
Psittacine adenovirus 2,GCA_020842125.1
Psittacine atadenovirus A,GCF_000929035.1
Psittacine aviadenovirus B,GCF_003032855.1
Psittacine aviadenovirus C,GCF_006425375.1
Psittacine chaphamaparvovirus 2,GCA_031308385.1
Psittacine orthoreovirus AGPReo1983,0
Psittacine picornavirus,0
Psittacine siadenovirus 1,GCA_031201985.1
Psittacine siadenovirus D,GCF_018586905.1
Psittacine siadenovirus E,GCF_018584825.1
Psittacine siadenovirus F,GCA_031268895.1
Ptolmey virus,0
Puffin papillomavirus 1,GCA_031189375.1
Purple grenadier circovirus,
Pygoscepivirus A,0
Quail coronavirus Italy/Elvia/2005,0
Quail coronavirus UAE-HKU30,GCA_031171235.1
Quail deltacoronavirus,GCA_031174035.1
Quail picornavirus QPV1/HUN/2010,GCF_000895635.1
Quailpox virus,GCF_002829285.1
Quang Binh virus,GCA_031123885.1
Quaranjavirus chadense,GCF_016848445.1
Quaranjavirus wellfleetense,GCF_000927955.1
RNA virus hoopoe/BBanka01/2015/HUN,GCA_031199605.1
RNA virus sp.,0
Raina virus,0
Raptor adenovirus,0
Raptor siadenovirus A,GCF_000893535.1
Red-billed gull papillomavirus,0
Red-capped plover megrivirus,0
Red-fronted serin circovirus,
Red-necked stint Picornavirus B-like,0
Red-necked stint avastrovirus,0
Red-necked stint gallivirus,0
Reoviridae sp.,GCA_031191825.1
Reovirus sp.,0
Reticuloendotheliosis virus,GCF_000858025.1
Retroviridae sp.,0
Rhabdoviridae sp.,GCF_029886045.1
Riboviria sp.,0
Riiser virus,0
Rockhopper penguin papillomavirus,0
Ross River virus,GCF_002889255.1
Ross virus,0
Rotavirus A,GCF_000880735.1
Rotavirus D,GCF_000890155.1
Rotavirus F,GCF_000910335.1
Rotavirus G,GCF_001343825.1
Rotavirus sp.,0
Rotavirus turkey/MN/D-000818/2008,0
Rotavirus turkey/MN/D-004782/2008,0
Rotavirus turkey/MN/D-005329/2008,0
Rotavirus turkey/MN/D-005331/2008,0
Rotavirus turkey/MN/D-007553/2007,0
Rotavirus turkey/MN/D-007554/2007,0
Rotavirus turkey/MN/D-007555/2007,0
Rotavirus turkey/MN/D-007861/2007,0
Rotavirus turkey/MN/D-007862/2007,0
Rotavirus turkey/MN/D-007863/2007,0
Rotavirus turkey/MN/D-016170/2008,0
Rotavirus turkey/MN/D-016171/2008,0
Rotavirus turkey/MN/D-022564/2008,0
Rotavirus turkey/MN/D-022565/2008,0
Rotavirus turkey/MN/D-035365/2007,0
Rotavirus turkey/MN/D-046159/2007,0
Rotavirus turkey/MN/D-047428/2008,0
Rotavirus turkey/MN/D-048814/2008,0
Rotavirus turkey/MN/D-049007/2007,0
Rotavirus turkey/MN/D-049317/2007,0
Rotavirus turkey/MN/D-052725/2007,0
Rotavirus turkey/MN/D-053540/2007,0
Rotavirus turkey/MN/D-053578/2007,0
Rotavirus turkey/MN/D-053706/2007,0
Rotavirus turkey/MN/D-053853/2007,0
Rotavirus turkey/MN/D-054413/2007,0
Rotavirus turkey/MN/D-055423/2007,0
Rotavirus turkey/MN/D-055431/2008,0
Rotavirus turkey/MN/D-055471/2008,0
Rotavirus turkey/MN/D-056058/2007,0
Rotavirus turkey/MN/D-056826/2007,0
Rotavirus turkey/MN/D-058211/2007,0
Rotavirus turkey/MN/D-058212/2007,0
Rotavirus turkey/MN/D-058648/2007,0
Rotavirus turkey/MN/D-059191/2007,0
Rotavirus turkey/MN/D-059867/2008,0
Rotavirus turkey/MN/D-22852/2007,0
Rous sarcoma virus,GCF_000855425.1
Ruddy turnstone astrovirus,0
Ruddy turnstone calicivirus,0
Ruddy turnstone calicivirus A,0
Ruddy turnstone calicivirus B,0
Ruddy turnstone rotavirus,0
Rymill virus,0
Rynchops niger coronavirus,0
Salmonella phage DaR-2019a,GCA_006083255.1
Salmonella phage DaR-2019b,GCA_006083295.1
Salmonella phage SP1a,GCA_002924565.1
Sapelovirus sp.,0
Schouten virus,0
Scott virus,0
Sedov virus,0
Senko virus,0
Serdyukov virus,0
Serinus canaria papillomavirus 1,GCF_004131485.1
Sewage-associated circular DNA virus,0
Shackleton virus,0
Sharp-tailed sandpiper Picornavirus B-like,0
Shelduck calicivirus,0
Shelduck picobirnavirus I,0
Shelduck picobirnavirus II,0
Shelduck picobirnavirus III,0
Shelduck rhabdovirus,0
Shelvocke virus,0
Shirase virus,0
Shorebird deltacoronavirus,0
Short beak and dwarfism syndrome virus,0
Siadenovirus sp.,GCA_024930225.1
Sicinivirus A,GCF_001443985.1
Sicinivirus sp.,GCF_018583545.1
Sindbis virus,GCF_000860545.1
Skua siadenovirus A,GCF_000895055.1
Smacoviridae sp.,GCF_018591145.1
Small anellovirus,
Smith virus,0
Smooth billed ani adenovirus 1,0
Somov virus,0
South polar skua adenovirus-2,0
South polar skua adenovirus-3,0
South polar skua adenovirus-4,0
South polar skua adenovirus-5,0
Sparrow coronavirus HKU17,GCF_000868165.1
Sparrow deltacoronavirus,GCA_031173895.1
Spata circovirus,0
Spheniscid alphaherpesvirus 2,0
Spheniscus humboldti poxvirus,0
Strigid herpesvirus 1,0
Strix aluco herpesvirus,0
Strix nebulosa herpesvirus,0
Strix uralensis herpesvirus,0
Stroud virus,0
Sturnus papillomavirus,0
Sulid herpesvirus 1,0
Sunrhavirus alexandria,GCF_023156065.1
Sunrhavirus bimbo,
Sunrhavirus garba,GCF_013088625.1
Sunrhavirus kolongo,
Sunrhavirus matariya,GCF_023156095.1
Sunrhavirus nasoule,GCF_023155965.1
Sunrhavirus ouango,GCF_023156025.1
Sunrhavirus sandjimba,
Sunrhavirus sunguru,GCF_000925655.1
Swan goose coronavirus,0
Sylvia atricapilla herpesvirus,0
Syrmaticus ellioti CRESS-DNA-virus sp.,0
Syrmaticus ellioti parvo-like hybrid virus,0
Syrmaticus reevesii CRESS-DNA-virus sp.,0
Tarbeyev virus,0
Tarsiger cyanurus CRESS-DNA-virus sp.,0
Tarsiger cyanurus Genomoviridae sp.,0
Tarsiger cyanurus parvoviridae sp.,0
Tawny frogmouth aviadenovirus A,0
Telmo virus,0
Temminck's stint calicivirus,GCA_031319925.1
Tern adenovirus,0
Tern atadenovirus 1,GCA_031308105.1
Tetrao urogallus alphaherpesvirus 1,0
Thalassarchid herpesvirus 1,0
Thetapapillomavirus 1,GCF_000841825.1
Thinornis picornavirus,0
Thrush coronavirus HKU12-600,GCF_000883335.1
Tibet bird virus 1,0
Tibet bird virus 2,0
Tick-associated DNA virus,0
Tick-associated circular DNA virus,GCA_031315805.1
Tinamou hepatitis B virus,GCF_002219325.1
Tolstikov virus,0
Torque teno virus,GCF_018580245.1
Totiviridae sp.,GCA_023571715.1
Toutouwai hepatovirus,0
Tragopan caboti CRESS-DNA-virus sp.,0
Treisepsilonpapillomavirus 1,GCF_000920595.1
Treiszetapapillomavirus 1,GCF_000922895.1
Tremovirus A,
Treshnikov virus,0
Tropical screech owl adenovirus 1,0
Tunzelmann virus,0
Tupavirus durham,GCF_002815915.1
Turdid alphaherpesvirus 1,0
Turdus hortulorum CRESS-DNA-virus sp.,0
Turdus hortulorum parvoviridae sp.,0
Turdus merula herpesvirus,0
Turdus naumanni CRESS-DNA-virus sp.,0
Turdus naumanni Ichthamaparvovirus,0
Turdus naumanni parvoviridae sp.,0
Turdus pallidus Chaphamaparvovirus,0
Turdus pallidus parvoviridae sp.,0
Turkey astrovirus,GCF_000857825.1
Turkey astrovirus 3,0
Turkey aviadenovirus 2,0
Turkey aviadenovirus B,GCF_000888635.1
Turkey aviadenovirus C,GCF_000912195.1
Turkey aviadenovirus D,GCF_000913655.1
Turkey parvovirus Croatia/Munt/2010,0
Turkey parvovirus Tu33/2010/HUN,0
Turkey parvovirus Tu762/2009/HUN,0
Turkey picobirnavirus,0
Turkey picornavirus,0
Turkey siadenovirus A,
Turkeypox virus,GCF_001431935.1
Tyabin virus,0
Tymoviridae sp. XZN137671,0
Ui-te-Rangiora virus,0
Umatilla virus,GCF_000923315.1
Uukuvirus uriae,GCF_013086475.1
Varley virus,0
Venezuelan equine encephalitis virus,GCF_002889695.1
Vespucci virus,0
Virginian WCV avipoxvirus,0
Vultur gryphus poxvirus,0
Vulture herpesvirus,0
Waterbird gammacoronavirus 1,0
Waterwitch virus,0
Weivirus-like virus sp.,
Wendell virus,0
Western equine encephalitis virus,GCF_002889215.1
Western jackdaw circovirus,
Whistler virus,0
White-eye coronavirus HKU16,GCF_000896875.1
White-rumped seedeater circovirus,
WigFec circovirus 1,GCF_029886425.1
WigFec circovirus 2,GCF_029886435.1
Wigeon coronavirus HKU20,GCF_000895415.1
Wigfec virus K19_221,GCA_031321275.1
Wigfec virus K19_227,GCA_031320975.1
Wigfec virus K19_259,GCA_031321285.1
Wigfec virus K19_292,GCA_031321135.1
Wigfec virus K19_327,GCA_031321295.1
Wigfec virus K19_346,GCA_031321145.1
Wigfec virus K19_385,GCA_031321155.1
Wigfec virus K19_426,GCA_031320985.1
Wigfec virus K19_432,GCA_031320995.1
Wigfec virus K19_435,GCA_031321405.1
Wigfec virus K19_443,GCA_031321305.1
Wigfec virus K19_448,GCA_031321355.1
Wigfec virus K19_450,GCA_031321005.1
Wigfec virus K19_454,GCA_031321365.1
Wigfec virus K19_467,GCA_031321415.1
Wigfec virus K19_469,GCA_031321395.1
Wigfec virus K19_482,GCA_031321385.1
Wigfec virus K19_484,GCA_031321015.1
Wigfec virus K19_486,GCA_031321025.1
Wigfec virus K19_493,GCA_031321315.1
Wigfec virus K19_494,GCA_031321035.1
Wigfec virus K19_511,GCA_031321045.1
Wigfec virus K19_513,GCA_031321375.1
Wigfec virus K19_521,GCA_031321055.1
Wigfec virus K19_525,GCA_031321165.1
Wigfec virus K19_526,GCA_031321325.1
Wigfec virus K19_545,GCA_031321065.1
Wigfec virus K19_555,GCA_031321175.1
Wigfec virus K19_558,GCA_031321185.1
Wigfec virus K19_561,GCA_031321195.1
Wigfec virus K19_562,GCA_031321075.1
Wigfec virus K19_571,GCA_031321205.1
Wigfec virus K19_576,GCA_031321335.1
Wigfec virus K19_588,GCA_031321085.1
Wigfec virus K19_593,GCA_031321215.1
Wigfec virus K19_598,GCA_031321095.1
Wigfec virus K19_600,GCA_031321225.1
Wigfec virus K19_605,GCA_031321105.1
Wigfec virus K19_615,GCA_031321345.1
Wigfec virus K19_623,GCA_031321115.1
Wigfec virus K19_645,GCA_031321235.1
Wigfec virus K19_654,GCA_031321245.1
Wigfec virus K19_658,GCA_031321125.1
Wigfec virus K19_668,GCA_031321255.1
Wigfec virus K19_691,GCA_031321265.1
Wilkes virus,0
Wood duck chaphamaparvovirus,0
Wood duck megrivirus,0
Wood pigeon astrovirus,0
Yaounde-like virus Ave-Ghana/2007,0
Yellow-eyed penguin gyrovirus,0
Yellow-eyed penguin megrivirus,0
Yellow-eyed penguin picornavirus,0
Yellow-fronted canary circovirus,
Zebra finch hepacivirus 1,0
Zebra finch hepacivirus 2,0
Zingilamo virus,GCA_031320685.1
Zoothera dauma adenovirus,0
bar-headed goose anativirus,0
bar-headed goose hepatovirus,0
bar-headed goose megrivirus,0
black-headed gull deltacoronavirus,0
common gull deltacoronavirus,0
common gull gammacoronavirus,0
cormorant polyomavirus 1,GCA_031281625.1
crane CRESS-DNA virus,GCA_031274965.1
d'Urville virus,0
de Castilla virus,0
de Gerlache virus,0
de Kerguelen virus,0
de Lozier virus,0
de Nodal virus,0
duck egg-reducing syndrome virus,GCA_031321475.1
egret CRESS-DNA virus,GCA_031275015.1
finch CRESS-DNA virus,GCA_031275045.1
kestrel polyomavirus 1,0
la Roche virus,0
le Maire virus,0
psittacine adenovirus 10,0
psittacine adenovirus 8,0
psittacine adenovirus 9,0
robinz virus RP_1123,GCA_031280485.1
robinz virus RP_1124,GCA_031280535.1
robinz virus RP_116,GCA_031280745.1
robinz virus RP_1170,GCF_029886335.1
robinz virus RP_199,GCA_031280765.1
robinz virus RP_212,GCA_031280925.1
robinz virus RP_244,GCA_031281065.1
robinz virus RP_258,GCA_031280985.1
robinz virus RP_259,GCF_029886275.1
robinz virus RP_326,GCA_031280835.1
robinz virus RP_327,GCA_031281095.1
robinz virus RP_334,GCA_031281165.1
robinz virus RP_340,GCA_031281185.1
robinz virus RP_369,GCA_031280595.1
robinz virus RP_377,GCA_031280875.1
robinz virus RP_380,GCA_031280605.1
robinz virus RP_382,GCA_031281015.1
robinz virus RP_384,GCA_031280655.1
robinz virus RP_385,0
robinz virus RP_386,GCA_031281355.1
robinz virus RP_389,GCA_031281035.1
robinz virus RP_390,GCA_031280895.1
robinz virus RP_393,GCA_031280735.1
robinz virus RP_404,GCA_031281205.1
robinz virus RP_428,GCA_031281235.1
robinz virus RP_429,GCA_031281295.1
robinz virus RP_493,GCF_029886285.1
robinz virus RP_513,GCA_031281325.1
robinz virus RP_526,GCF_029886295.1
robinz virus RP_584,GCF_029886305.1
robinz virus RP_620,GCF_029886315.1
robinz virus RP_736,GCF_029886325.1
robinz virus RP_954,GCA_031280465.1
robinz virus RP_99,GCA_031280575.1
shorebird astrovirus,0
shorebird coronavirus,0
south polar skua adenovirus-6,0
ssDNA virus sp.,0
tawny owl-associated circovirus,GCA_031314345.1
trumpeter swan calicivirus,GCA_031321585.1
unclassified avian avulavirus strain musk lorikeet/Melbourne/ML22-141263/2014,0
unidentified Avipoxvirus,0
unidentified adenovirus,GCA_024750155.1
unidentified influenza virus,0
